{
	"credit": "Made with Blockbench",
	"textures": {
		"0": "block/pallate",
		"particle": "block/pallate"
	},
	"elements": [
		{
			"from": [7.25, 0, 7.25],
			"to": [8.75, 0.5, 8.75],
			"rotation": {"angle": 0, "axis": "y", "origin": [7, 0, 7]},
			"faces": {
				"north": {"uv": [4.5, 5.5, 6, 6], "texture": "#0"},
				"east": {"uv": [4.5, 5.5, 6, 6], "texture": "#0"},
				"south": {"uv": [4.5, 5.5, 6, 6], "texture": "#0"},
				"west": {"uv": [4.5, 5.5, 6, 6], "texture": "#0"},
				"up": {"uv": [4.5, 5.5, 6, 6], "texture": "#0"},
				"down": {"uv": [4.5, 5.5, 6, 6], "texture": "#0"}
			}
		},
		{
			"from": [7.35, 0.6, 7.35],
			"to": [8.65, 0.75, 8.65],
			"rotation": {"angle": 0, "axis": "y", "origin": [7, 0, 7]},
			"faces": {
				"north": {"uv": [5.25, 5.25, 6.55, 5.4], "texture": "#0"},
				"east": {"uv": [5.25, 5.25, 6.55, 5.4], "texture": "#0"},
				"south": {"uv": [5.25, 5.25, 6.55, 5.4], "texture": "#0"},
				"west": {"uv": [5.25, 5.25, 6.55, 5.4], "texture": "#0"},
				"up": {"uv": [5.25, 5.25, 6.55, 5.4], "texture": "#0"},
				"down": {"uv": [5.25, 5.25, 6.55, 5.4], "texture": "#0"}
			}
		},
		{
			"from": [7.6, 2.3, 7.6],
			"to": [8.4, 2.45, 8.4],
			"rotation": {"angle": 0, "axis": "y", "origin": [6.95, 0, 7.25]},
			"faces": {
				"north": {"uv": [5.25, 5.25, 6.55, 5.4], "texture": "#0"},
				"east": {"uv": [5.25, 5.25, 6.55, 5.4], "texture": "#0"},
				"south": {"uv": [5.25, 5.25, 6.55, 5.4], "texture": "#0"},
				"west": {"uv": [5.25, 5.25, 6.55, 5.4], "texture": "#0"},
				"up": {"uv": [5.25, 5.25, 6.55, 5.4], "texture": "#0"},
				"down": {"uv": [5.25, 5.25, 6.55, 5.4], "texture": "#0"}
			}
		},
		{
			"from": [7.65, 2.5, 7.65],
			"to": [8.35, 2.65, 8.35],
			"rotation": {"angle": 0, "axis": "y", "origin": [7, 0, 7.2]},
			"faces": {
				"north": {"uv": [5.25, 5.25, 6.55, 5.4], "texture": "#0"},
				"east": {"uv": [5.25, 5.25, 6.55, 5.4], "texture": "#0"},
				"south": {"uv": [5.25, 5.25, 6.55, 5.4], "texture": "#0"},
				"west": {"uv": [5.25, 5.25, 6.55, 5.4], "texture": "#0"},
				"up": {"uv": [5.25, 5.25, 6.55, 5.4], "texture": "#0"},
				"down": {"uv": [5.25, 5.25, 6.55, 5.4], "texture": "#0"}
			}
		},
		{
			"from": [7.6, 2.6, 7.6],
			"to": [8.4, 2.95, 8.4],
			"rotation": {"angle": 0, "axis": "y", "origin": [7.05, 0, 7.15]},
			"faces": {
				"north": {"uv": [5.25, 5.25, 6.55, 5.4], "texture": "#0"},
				"east": {"uv": [5.25, 5.25, 6.55, 5.4], "texture": "#0"},
				"south": {"uv": [5.25, 5.25, 6.55, 5.4], "texture": "#0"},
				"west": {"uv": [5.25, 5.25, 6.55, 5.4], "texture": "#0"},
				"up": {"uv": [5.25, 5.25, 6.55, 5.4], "texture": "#0"},
				"down": {"uv": [5.25, 5.25, 6.55, 5.4], "texture": "#0"}
			}
		},
		{
			"from": [7.65, 2.95, 7.65],
			"to": [8.35, 3.3, 8.15],
			"rotation": {"angle": 0, "axis": "y", "origin": [7, 0, 7.2]},
			"faces": {
				"north": {"uv": [5.25, 5.25, 6.55, 5.4], "texture": "#0"},
				"east": {"uv": [5.25, 5.25, 6.55, 5.4], "texture": "#0"},
				"south": {"uv": [5.25, 5.25, 6.55, 5.4], "texture": "#0"},
				"west": {"uv": [5.25, 5.25, 6.55, 5.4], "texture": "#0"},
				"up": {"uv": [5.25, 5.25, 6.55, 5.4], "texture": "#0"},
				"down": {"uv": [5.25, 5.25, 6.55, 5.4], "texture": "#0"}
			}
		},
		{
			"from": [7.75, 3.3, 7.75],
			"to": [8.25, 3.4, 8.15],
			"rotation": {"angle": 0, "axis": "y", "origin": [7, 0, 7.2]},
			"faces": {
				"north": {"uv": [5.25, 5.25, 6.55, 5.4], "texture": "#0"},
				"east": {"uv": [5.25, 5.25, 6.55, 5.4], "texture": "#0"},
				"south": {"uv": [5.25, 5.25, 6.55, 5.4], "texture": "#0"},
				"west": {"uv": [5.25, 5.25, 6.55, 5.4], "texture": "#0"},
				"up": {"uv": [5.25, 5.25, 6.55, 5.4], "texture": "#0"},
				"down": {"uv": [5.25, 5.25, 6.55, 5.4], "texture": "#0"}
			}
		},
		{
			"from": [7.95, 3.4, 7.95],
			"to": [8.05, 3.5, 8.05],
			"rotation": {"angle": 0, "axis": "y", "origin": [7, 0, 7.2]},
			"faces": {
				"north": {"uv": [5.25, 5.25, 6.55, 5.4], "texture": "#0"},
				"east": {"uv": [5.25, 5.25, 6.55, 5.4], "texture": "#0"},
				"south": {"uv": [5.25, 5.25, 6.55, 5.4], "texture": "#0"},
				"west": {"uv": [5.25, 5.25, 6.55, 5.4], "texture": "#0"},
				"up": {"uv": [5.25, 5.25, 6.55, 5.4], "texture": "#0"},
				"down": {"uv": [5.25, 5.25, 6.55, 5.4], "texture": "#0"}
			}
		},
		{
			"from": [7.9, 3.45, 7.9],
			"to": [8.1, 3.65, 8.1],
			"rotation": {"angle": 0, "axis": "y", "origin": [6.95, 0, 7.25]},
			"faces": {
				"north": {"uv": [5.25, 5.25, 6.55, 5.4], "texture": "#0"},
				"east": {"uv": [5.25, 5.25, 6.55, 5.4], "texture": "#0"},
				"south": {"uv": [5.25, 5.25, 6.55, 5.4], "texture": "#0"},
				"west": {"uv": [5.25, 5.25, 6.55, 5.4], "texture": "#0"},
				"up": {"uv": [5.25, 5.25, 6.55, 5.4], "texture": "#0"},
				"down": {"uv": [5.25, 5.25, 6.55, 5.4], "texture": "#0"}
			}
		},
		{
			"from": [7.65, 2.95, 8.25],
			"to": [8.35, 3.3, 8.35],
			"rotation": {"angle": 0, "axis": "y", "origin": [7, 0, 7.2]},
			"faces": {
				"north": {"uv": [5.25, 5.25, 6.55, 5.4], "texture": "#0"},
				"east": {"uv": [5.25, 5.25, 6.55, 5.4], "texture": "#0"},
				"south": {"uv": [5.25, 5.25, 6.55, 5.4], "texture": "#0"},
				"west": {"uv": [5.25, 5.25, 6.55, 5.4], "texture": "#0"},
				"up": {"uv": [5.25, 5.25, 6.55, 5.4], "texture": "#0"},
				"down": {"uv": [5.25, 5.25, 6.55, 5.4], "texture": "#0"}
			}
		},
		{
			"from": [7.475, 0.75, 7.475],
			"to": [8.525, 0.9, 8.525],
			"rotation": {"angle": 0, "axis": "y", "origin": [6.875, 0, 7.125]},
			"faces": {
				"north": {"uv": [4.75, 6, 5.8, 6.15], "texture": "#0"},
				"east": {"uv": [4.75, 6, 5.8, 6.15], "texture": "#0"},
				"south": {"uv": [4.75, 6, 5.8, 6.15], "texture": "#0"},
				"west": {"uv": [4.75, 6, 5.8, 6.15], "texture": "#0"},
				"up": {"uv": [4.75, 6, 5.8, 6.15], "texture": "#0"},
				"down": {"uv": [4.75, 6, 5.8, 6.15], "texture": "#0"}
			}
		},
		{
			"from": [7.55, 0.7, 7.55],
			"to": [8.45, 1.1, 8.45],
			"rotation": {"angle": 0, "axis": "y", "origin": [6.7, 0, 7.2]},
			"faces": {
				"north": {"uv": [5.25, 5.5, 6.15, 6.9], "texture": "#0"},
				"east": {"uv": [5.25, 5.5, 6.15, 6.9], "texture": "#0"},
				"south": {"uv": [5.25, 5.5, 6.15, 6.9], "texture": "#0"},
				"west": {"uv": [5.25, 5.5, 6.15, 6.9], "texture": "#0"},
				"up": {"uv": [5.25, 5.5, 6.15, 6.9], "texture": "#0"},
				"down": {"uv": [5.25, 5.5, 6.15, 6.9], "texture": "#0"}
			}
		},
		{
			"from": [7.675, 1.1, 7.675],
			"to": [8.325, 1.25, 8.325],
			"rotation": {"angle": 0, "axis": "y", "origin": [6.575, 0, 7.325]},
			"faces": {
				"north": {"uv": [5.25, 5.5, 6.15, 6.9], "texture": "#0"},
				"east": {"uv": [5.25, 5.5, 6.15, 6.9], "texture": "#0"},
				"south": {"uv": [5.25, 5.5, 6.15, 6.9], "texture": "#0"},
				"west": {"uv": [5.25, 5.5, 6.15, 6.9], "texture": "#0"},
				"up": {"uv": [5.25, 5.5, 6.15, 6.9], "texture": "#0"},
				"down": {"uv": [5.25, 5.5, 6.15, 6.9], "texture": "#0"}
			}
		},
		{
			"from": [7.675, 2.2, 7.675],
			"to": [8.325, 2.35, 8.325],
			"rotation": {"angle": 0, "axis": "y", "origin": [6.575, 0, 7.325]},
			"faces": {
				"north": {"uv": [5.25, 5.5, 6.15, 6.9], "texture": "#0"},
				"east": {"uv": [5.25, 5.5, 6.15, 6.9], "texture": "#0"},
				"south": {"uv": [5.25, 5.5, 6.15, 6.9], "texture": "#0"},
				"west": {"uv": [5.25, 5.5, 6.15, 6.9], "texture": "#0"},
				"up": {"uv": [5.25, 5.5, 6.15, 6.9], "texture": "#0"},
				"down": {"uv": [5.25, 5.5, 6.15, 6.9], "texture": "#0"}
			}
		},
		{
			"from": [7.675, 2.4, 7.675],
			"to": [8.325, 2.55, 8.325],
			"rotation": {"angle": 0, "axis": "y", "origin": [6.575, 0, 7.325]},
			"faces": {
				"north": {"uv": [5.25, 5.5, 6.15, 6.9], "texture": "#0"},
				"east": {"uv": [5.25, 5.5, 6.15, 6.9], "texture": "#0"},
				"south": {"uv": [5.25, 5.5, 6.15, 6.9], "texture": "#0"},
				"west": {"uv": [5.25, 5.5, 6.15, 6.9], "texture": "#0"},
				"up": {"uv": [5.25, 5.5, 6.15, 6.9], "texture": "#0"},
				"down": {"uv": [5.25, 5.5, 6.15, 6.9], "texture": "#0"}
			}
		},
		{
			"from": [7.725, 1.25, 7.725],
			"to": [8.275, 2.2, 8.275],
			"rotation": {"angle": 0, "axis": "y", "origin": [6.425, 0, 7.375]},
			"faces": {
				"north": {"uv": [5.25, 5.5, 6.15, 6.9], "texture": "#0"},
				"east": {"uv": [5.25, 5.5, 6.15, 6.9], "texture": "#0"},
				"south": {"uv": [5.25, 5.5, 6.15, 6.9], "texture": "#0"},
				"west": {"uv": [5.25, 5.5, 6.15, 6.9], "texture": "#0"},
				"up": {"uv": [5.25, 5.5, 6.15, 6.9], "texture": "#0"},
				"down": {"uv": [5.25, 5.5, 6.15, 6.9], "texture": "#0"}
			}
		},
		{
			"from": [7.4, 0.5, 7.4],
			"to": [8.6, 0.65, 8.6],
			"rotation": {"angle": 0, "axis": "y", "origin": [7, 0, 7]},
			"faces": {
				"north": {"uv": [5.25, 5.25, 6.45, 6.45], "texture": "#0"},
				"east": {"uv": [5.25, 5.25, 6.45, 6.45], "texture": "#0"},
				"south": {"uv": [5.25, 5.25, 6.45, 6.45], "texture": "#0"},
				"west": {"uv": [5.25, 5.25, 6.45, 6.45], "texture": "#0"},
				"up": {"uv": [5.25, 5.25, 6.45, 6.45], "texture": "#0"},
				"down": {"uv": [5.25, 5.25, 6.45, 6.45], "texture": "#0"}
			}
		}
	],
	"display": {
		"head": {
			"rotation": [0, 90, 0],
			"translation": [0, -35.3, 0]
		}
	}
}