{
	"credit": "Made with Blockbench",
	"textures": {
		"0": "block/pallate",
		"particle": "block/pallate"
	},
	"elements": [
		{
			"from": [7.25, 0, 7.25],
			"to": [8.75, 0.5, 8.75],
			"rotation": {"angle": 0, "axis": "y", "origin": [7, 0, 7]},
			"faces": {
				"north": {"uv": [4.5, 5.5, 6, 6], "texture": "#0"},
				"east": {"uv": [4.5, 5.5, 6, 6], "texture": "#0"},
				"south": {"uv": [4.5, 5.5, 6, 6], "texture": "#0"},
				"west": {"uv": [4.5, 5.5, 6, 6], "texture": "#0"},
				"up": {"uv": [4.5, 5.5, 6, 6], "texture": "#0"},
				"down": {"uv": [4.5, 5.5, 6, 6], "texture": "#0"}
			}
		},
		{
			"from": [7.35, 0.6, 7.35],
			"to": [8.65, 0.75, 8.65],
			"rotation": {"angle": 0, "axis": "y", "origin": [7, 0, 7]},
			"faces": {
				"north": {"uv": [5.25, 5.25, 6.55, 5.4], "texture": "#0"},
				"east": {"uv": [5.25, 5.25, 6.55, 5.4], "texture": "#0"},
				"south": {"uv": [5.25, 5.25, 6.55, 5.4], "texture": "#0"},
				"west": {"uv": [5.25, 5.25, 6.55, 5.4], "texture": "#0"},
				"up": {"uv": [5.25, 5.25, 6.55, 5.4], "texture": "#0"},
				"down": {"uv": [5.25, 5.25, 6.55, 5.4], "texture": "#0"}
			}
		},
		{
			"from": [7.475, 0.75, 7.475],
			"to": [8.525, 0.9, 8.525],
			"rotation": {"angle": 0, "axis": "y", "origin": [6.875, 0, 7.125]},
			"faces": {
				"north": {"uv": [4.75, 6, 5.8, 6.15], "texture": "#0"},
				"east": {"uv": [4.75, 6, 5.8, 6.15], "texture": "#0"},
				"south": {"uv": [4.75, 6, 5.8, 6.15], "texture": "#0"},
				"west": {"uv": [4.75, 6, 5.8, 6.15], "texture": "#0"},
				"up": {"uv": [4.75, 6, 5.8, 6.15], "texture": "#0"},
				"down": {"uv": [4.75, 6, 5.8, 6.15], "texture": "#0"}
			}
		},
		{
			"from": [7.55, 0.7, 7.55],
			"to": [8.45, 1.35, 8.45],
			"rotation": {"angle": 0, "axis": "y", "origin": [6.7, 0, 7.2]},
			"faces": {
				"north": {"uv": [5.25, 5.5, 6.15, 6.9], "texture": "#0"},
				"east": {"uv": [5.25, 5.5, 6.15, 6.9], "texture": "#0"},
				"south": {"uv": [5.25, 5.5, 6.15, 6.9], "texture": "#0"},
				"west": {"uv": [5.25, 5.5, 6.15, 6.9], "texture": "#0"},
				"up": {"uv": [5.25, 5.5, 6.15, 6.9], "texture": "#0"},
				"down": {"uv": [5.25, 5.5, 6.15, 6.9], "texture": "#0"}
			}
		},
		{
			"from": [7.4, 0.5, 7.4],
			"to": [8.6, 0.65, 8.6],
			"rotation": {"angle": 0, "axis": "y", "origin": [7, 0, 7]},
			"faces": {
				"north": {"uv": [5.25, 5.25, 6.45, 6.45], "texture": "#0"},
				"east": {"uv": [5.25, 5.25, 6.45, 6.45], "texture": "#0"},
				"south": {"uv": [5.25, 5.25, 6.45, 6.45], "texture": "#0"},
				"west": {"uv": [5.25, 5.25, 6.45, 6.45], "texture": "#0"},
				"up": {"uv": [5.25, 5.25, 6.45, 6.45], "texture": "#0"},
				"down": {"uv": [5.25, 5.25, 6.45, 6.45], "texture": "#0"}
			}
		},
		{
			"from": [7.05, 1.2, 7.65],
			"to": [7.8, 2.2, 8.35],
			"rotation": {"angle": -22.5, "axis": "z", "origin": [7.5, 0, 7.5]},
			"faces": {
				"north": {"uv": [5.5, 5.75, 6.25, 6.75], "texture": "#0"},
				"east": {"uv": [5.5, 5.75, 6.25, 6.75], "texture": "#0"},
				"south": {"uv": [5.5, 5.75, 6.25, 6.75], "texture": "#0"},
				"west": {"uv": [5.5, 5.75, 6.25, 6.75], "texture": "#0"},
				"up": {"uv": [5.5, 5.75, 6.25, 6.75], "texture": "#0"},
				"down": {"uv": [5.5, 5.75, 6.25, 6.75], "texture": "#0"}
			}
		},
		{
			"from": [7.55, 2.1, 7.65],
			"to": [8.3, 2.6, 8.35],
			"rotation": {"angle": 0, "axis": "y", "origin": [7.5, 0, 7.5]},
			"faces": {
				"north": {"uv": [5.25, 5.75, 6, 6.25], "texture": "#0"},
				"east": {"uv": [5.25, 5.75, 6, 6.25], "texture": "#0"},
				"south": {"uv": [5.25, 5.75, 6, 6.25], "texture": "#0"},
				"west": {"uv": [5.25, 5.75, 6, 6.25], "texture": "#0"},
				"up": {"uv": [5.25, 5.75, 6, 6.25], "texture": "#0"},
				"down": {"uv": [5.25, 5.75, 6, 6.25], "texture": "#0"}
			}
		},
		{
			"from": [9.05, 1.25, 7.7],
			"to": [9.4, 1.8, 8.3],
			"rotation": {"angle": 45, "axis": "z", "origin": [7.5, 0, 7.45]},
			"faces": {
				"north": {"uv": [6, 5.5, 6.35, 6.05], "texture": "#0"},
				"east": {"uv": [6, 5.5, 6.35, 6.05], "texture": "#0"},
				"south": {"uv": [6, 5.5, 6.35, 6.05], "texture": "#0"},
				"west": {"uv": [6, 5.5, 6.35, 6.05], "texture": "#0"},
				"up": {"uv": [6, 5.5, 6.35, 6.05], "texture": "#0"},
				"down": {"uv": [6, 5.5, 6.35, 6.05], "texture": "#0"}
			}
		},
		{
			"from": [8.8, 1.35, 7.75],
			"to": [9.05, 1.8, 8.25],
			"rotation": {"angle": 45, "axis": "z", "origin": [7.5, 0, 7.5]},
			"faces": {
				"north": {"uv": [5.75, 6, 6.05, 6.45], "texture": "#0"},
				"east": {"uv": [5.75, 6, 6.05, 6.45], "texture": "#0"},
				"south": {"uv": [5.75, 6, 6.05, 6.45], "texture": "#0"},
				"west": {"uv": [5.75, 6, 6.05, 6.45], "texture": "#0"},
				"up": {"uv": [5.75, 6, 6.05, 6.45], "texture": "#0"},
				"down": {"uv": [5.75, 6, 6.05, 6.45], "texture": "#0"}
			}
		},
		{
			"from": [8.6, 1.45, 7.75],
			"to": [8.8, 1.8, 8.25],
			"rotation": {"angle": 45, "axis": "z", "origin": [7.5, 0, 7.5]},
			"faces": {
				"north": {"uv": [5.25, 6.25, 5.75, 6.5], "texture": "#0"},
				"east": {"uv": [5.25, 6.25, 5.75, 6.5], "texture": "#0"},
				"south": {"uv": [5.25, 6.25, 5.75, 6.5], "texture": "#0"},
				"west": {"uv": [5.25, 6.25, 5.75, 6.5], "texture": "#0"},
				"up": {"uv": [5.25, 6.25, 5.75, 6.5], "texture": "#0"},
				"down": {"uv": [5.25, 6.25, 5.75, 6.5], "texture": "#0"}
			}
		},
		{
			"from": [8.9, 1.35, 7.7],
			"to": [9.25, 2.09, 8.3],
			"rotation": {"angle": 22.5, "axis": "z", "origin": [7.5, 0, 7.5]},
			"faces": {
				"north": {"uv": [5.25, 6, 5.6, 6.74], "texture": "#0"},
				"east": {"uv": [5.25, 6, 5.6, 6.74], "texture": "#0"},
				"south": {"uv": [5.25, 6, 5.6, 6.74], "texture": "#0"},
				"west": {"uv": [5.25, 6, 5.6, 6.74], "texture": "#0"},
				"up": {"uv": [5.25, 6, 5.6, 6.74], "texture": "#0"},
				"down": {"uv": [5.25, 6, 5.6, 6.74], "texture": "#0"}
			}
		},
		{
			"from": [7.6, 2.6, 7.95],
			"to": [8.4, 2.7, 8.05],
			"rotation": {"angle": 0, "axis": "y", "origin": [7.5, 0, 7.05]},
			"faces": {
				"north": {"uv": [4.5, 7.075, 5.3, 7.175], "texture": "#0"},
				"east": {"uv": [4.5, 7.075, 5.3, 7.175], "texture": "#0"},
				"south": {"uv": [4.5, 7.075, 5.3, 7.175], "texture": "#0"},
				"west": {"uv": [4.5, 7.075, 5.3, 7.175], "texture": "#0"},
				"up": {"uv": [4.5, 7.075, 5.3, 7.175], "texture": "#0"},
				"down": {"uv": [4.5, 7.075, 5.3, 7.175], "texture": "#0"}
			}
		},
		{
			"from": [8.6, 2.3, 7.75],
			"to": [8.7, 2.6, 7.85],
			"rotation": {"angle": 22.5, "axis": "z", "origin": [7.5, 0, 7.05]},
			"faces": {
				"north": {"uv": [5.75, 6.25, 5.85, 6.55], "texture": "#0"},
				"east": {"uv": [5.75, 6.25, 5.85, 6.55], "texture": "#0"},
				"south": {"uv": [5.75, 6.25, 5.85, 6.55], "texture": "#0"},
				"west": {"uv": [5.75, 6.25, 5.85, 6.55], "texture": "#0"},
				"up": {"uv": [5.75, 6.25, 5.85, 6.55], "texture": "#0"},
				"down": {"uv": [5.75, 6.25, 5.85, 6.55], "texture": "#0"}
			}
		},
		{
			"from": [9.5, 1.5, 7.75],
			"to": [9.6, 1.9, 7.85],
			"rotation": {"angle": 45, "axis": "z", "origin": [7.5, 0, 7.05]},
			"faces": {
				"north": {"uv": [5.5, 6.25, 5.6, 6.65], "texture": "#0"},
				"east": {"uv": [5.5, 6.25, 5.6, 6.65], "texture": "#0"},
				"south": {"uv": [5.5, 6.25, 5.6, 6.65], "texture": "#0"},
				"west": {"uv": [5.5, 6.25, 5.6, 6.65], "texture": "#0"},
				"up": {"uv": [5.5, 6.25, 5.6, 6.65], "texture": "#0"},
				"down": {"uv": [5.5, 6.25, 5.6, 6.65], "texture": "#0"}
			}
		},
		{
			"from": [8.6, 2.3, 8.15],
			"to": [8.7, 2.6, 8.25],
			"rotation": {"angle": 22.5, "axis": "z", "origin": [7.5, 0, 8.95]},
			"faces": {
				"north": {"uv": [5.6, 6.25, 5.5, 6.55], "texture": "#0"},
				"east": {"uv": [5.6, 6.25, 5.5, 6.55], "texture": "#0"},
				"south": {"uv": [5.6, 6.25, 5.5, 6.55], "texture": "#0"},
				"west": {"uv": [5.6, 6.25, 5.5, 6.55], "texture": "#0"},
				"up": {"uv": [5.6, 6.25, 5.5, 6.55], "texture": "#0"},
				"down": {"uv": [5.6, 6.25, 5.5, 6.55], "texture": "#0"}
			}
		},
		{
			"from": [9.5, 1.5, 8.15],
			"to": [9.6, 1.9, 8.25],
			"rotation": {"angle": 45, "axis": "z", "origin": [7.5, 0, 8.95]},
			"faces": {
				"north": {"uv": [5.5, 6.65, 5.6, 6.25], "texture": "#0"},
				"east": {"uv": [5.5, 6.65, 5.6, 6.25], "texture": "#0"},
				"south": {"uv": [5.5, 6.65, 5.6, 6.25], "texture": "#0"},
				"west": {"uv": [5.5, 6.65, 5.6, 6.25], "texture": "#0"},
				"up": {"uv": [5.5, 6.65, 5.6, 6.25], "texture": "#0"},
				"down": {"uv": [5.5, 6.65, 5.6, 6.25], "texture": "#0"}
			}
		},
		{
			"from": [9.25, 1.2, 7.95],
			"to": [9.35, 2.1, 8.05],
			"rotation": {"angle": 22.5, "axis": "z", "origin": [7.5, 0, 7.05]},
			"faces": {
				"north": {"uv": [5.1, 6.1, 6, 6.2], "rotation": 90, "texture": "#0"},
				"east": {"uv": [5.1, 6.1, 6, 6.2], "rotation": 90, "texture": "#0"},
				"south": {"uv": [5.1, 6.1, 6, 6.2], "rotation": 90, "texture": "#0"},
				"west": {"uv": [5.1, 6.1, 6, 6.2], "rotation": 90, "texture": "#0"},
				"up": {"uv": [5.1, 6.1, 6, 6.2], "rotation": 90, "texture": "#0"},
				"down": {"uv": [5.1, 6.1, 6, 6.2], "rotation": 90, "texture": "#0"}
			}
		},
		{
			"from": [7.8, 1.2, 7.95],
			"to": [7.9, 2.2, 8.05],
			"rotation": {"angle": -22.5, "axis": "z", "origin": [7.5, 0, 7.05]},
			"faces": {
				"north": {"uv": [5.075, 6.825, 6.075, 6.925], "rotation": 90, "texture": "#0"},
				"east": {"uv": [5.075, 6.825, 6.075, 6.925], "rotation": 90, "texture": "#0"},
				"south": {"uv": [5.075, 6.825, 6.075, 6.925], "rotation": 90, "texture": "#0"},
				"west": {"uv": [5.075, 6.825, 6.075, 6.925], "rotation": 90, "texture": "#0"},
				"up": {"uv": [5.075, 6.825, 6.075, 6.925], "rotation": 90, "texture": "#0"},
				"down": {"uv": [5.075, 6.825, 6.075, 6.925], "rotation": 90, "texture": "#0"}
			}
		}
	],
	"display": {
		"head": {
			"rotation": [0, -180, 0],
			"translation": [0, -35.3, 0]
		}
	}
}