{
	"credit": "Made with Blockbench",
	"textures": {
		"0": "block/chesstext",
		"1": "block/chessside",
		"particle": "block/chesstext"
	},
	"elements": [
		{
			"from": [0.1, 0, 0.1],
			"to": [15.9, 1, 15.9],
			"faces": {
				"north": {"uv": [0.1, 0.1, 15.9, 15.9], "texture": "#0"},
				"east": {"uv": [0.1, 0.1, 15.9, 15.9], "texture": "#0"},
				"south": {"uv": [0.1, 0.1, 15.9, 15.9], "texture": "#0"},
				"west": {"uv": [0.1, 0.1, 15.9, 15.9], "texture": "#0"},
				"up": {"uv": [0.1, 0.1, 15.9, 15.9], "texture": "#0"},
				"down": {"uv": [0.1, 0.1, 15.9, 15.9], "texture": "#1"}
			}
		},
		{
			"from": [0, 0, 0],
			"to": [0.1, 1, 16],
			"faces": {
				"north": {"uv": [0, 0, 0.1, 1], "texture": "#1"},
				"east": {"uv": [0, 0, 16, 1], "texture": "#missing"},
				"south": {"uv": [0, 0, 0.1, 1], "texture": "#1"},
				"west": {"uv": [0, 0, 16, 1], "texture": "#1"},
				"up": {"uv": [0, 0, 0.1, 16], "texture": "#1"},
				"down": {"uv": [0, 0, 0.1, 16], "texture": "#1"}
			}
		},
		{
			"from": [15.9, 0, 0],
			"to": [16, 1, 16],
			"rotation": {"angle": 0, "axis": "y", "origin": [16, 0, 0]},
			"faces": {
				"north": {"uv": [0.1, 0, 0, 1], "texture": "#1"},
				"east": {"uv": [16, 0, 0, 1], "texture": "#1"},
				"south": {"uv": [0.1, 0, 0, 1], "texture": "#1"},
				"west": {"uv": [16, 0, 0, 1], "texture": "#missing"},
				"up": {"uv": [0.1, 0, 0, 16], "texture": "#1"},
				"down": {"uv": [0.1, 0, 0, 16], "texture": "#1"}
			}
		},
		{
			"from": [0.1, 0, 0],
			"to": [15.9, 1, 0.1],
			"faces": {
				"north": {"uv": [0, 0, 15.8, 1], "texture": "#1"},
				"east": {"uv": [0, 0, 0.1, 1], "texture": "#missing"},
				"south": {"uv": [0, 0, 15.8, 1], "texture": "#missing"},
				"west": {"uv": [0, 0, 0.1, 1], "texture": "#missing"},
				"up": {"uv": [0, 0, 15.8, 0.1], "texture": "#1"},
				"down": {"uv": [0, 0, 15.8, 0.1], "texture": "#1"}
			}
		},
		{
			"from": [0.1, 0, 15.9],
			"to": [15.9, 1, 16],
			"rotation": {"angle": 0, "axis": "y", "origin": [0, 0, 16]},
			"faces": {
				"north": {"uv": [15.8, 0, 0, 1], "texture": "#missing"},
				"east": {"uv": [0.1, 0, 0, 1], "texture": "#missing"},
				"south": {"uv": [15.8, 0, 0, 1], "texture": "#1"},
				"west": {"uv": [0.1, 0, 0, 1], "texture": "#missing"},
				"up": {"uv": [0, 0.1, 15.8, 0], "texture": "#1"},
				"down": {"uv": [0, 0.1, 15.8, 0], "texture": "#1"}
			}
		}
	],
	"display": {
		"thirdperson_righthand": {
			"rotation": [75, 45, 0],
			"translation": [0, 2.5, 2.25],
			"scale": [0.375, 0.375, 0.375]
		},
		"thirdperson_lefthand": {
			"rotation": [75, 45, 0],
			"translation": [0, 2.5, 2.25],
			"scale": [0.375, 0.375, 0.375]
		},
		"firstperson_righthand": {
			"rotation": [0, -28, 14],
			"translation": [0, 3.5, 0],
			"scale": [0.4, 0.4, 0.4]
		},
		"firstperson_lefthand": {
			"rotation": [0, -28, 14],
			"translation": [0, 3.5, 0],
			"scale": [0.4, 0.4, 0.4]
		},
		"ground": {
			"translation": [0, 3, 0],
			"scale": [0.25, 0.25, 0.25]
		},
		"gui": {
			"rotation": [30, 225, 0],
			"translation": [0, 3.75, 0],
			"scale": [0.625, 0.625, 0.625]
		},
		"fixed": {
			"rotation": [-90, 0, 0],
			"translation": [0, 0, -15],
			"scale": [1.9, 1.9, 1.9]
		}
	}
}