{
	"credit": "Made with Blockbench",
	"textures": {
		"0": "block/pallate",
		"particle": "block/pallate"
	},
	"elements": [
		{
			"from": [7.25, 0, 7.25],
			"to": [8.75, 0.5, 8.75],
			"rotation": {"angle": 0, "axis": "y", "origin": [7, 0, 7]},
			"faces": {
				"north": {"uv": [1.75, 8.75, 3.25, 9.25], "texture": "#0"},
				"east": {"uv": [1.75, 8.75, 3.25, 9.25], "texture": "#0"},
				"south": {"uv": [1.75, 8.75, 3.25, 9.25], "texture": "#0"},
				"west": {"uv": [1.75, 8.75, 3.25, 9.25], "texture": "#0"},
				"up": {"uv": [1.75, 8.75, 3.25, 9.25], "texture": "#0"},
				"down": {"uv": [1.75, 8.75, 3.25, 9.25], "texture": "#0"}
			}
		},
		{
			"from": [7.35, 0.6, 7.35],
			"to": [8.65, 0.75, 8.65],
			"rotation": {"angle": 0, "axis": "y", "origin": [7, 0, 7]},
			"faces": {
				"north": {"uv": [1.25, 10, 2.55, 10.15], "texture": "#0"},
				"east": {"uv": [1.25, 10, 2.55, 10.15], "texture": "#0"},
				"south": {"uv": [1.25, 10, 2.55, 10.15], "texture": "#0"},
				"west": {"uv": [1.25, 10, 2.55, 10.15], "texture": "#0"},
				"up": {"uv": [1.25, 10, 2.55, 10.15], "texture": "#0"},
				"down": {"uv": [1.25, 10, 2.55, 10.15], "texture": "#0"}
			}
		},
		{
			"from": [7.475, 0.75, 7.475],
			"to": [8.525, 0.9, 8.525],
			"rotation": {"angle": 0, "axis": "y", "origin": [6.875, 0, 7.125]},
			"faces": {
				"north": {"uv": [2, 10, 3.05, 10.15], "texture": "#0"},
				"east": {"uv": [2, 10, 3.05, 10.15], "texture": "#0"},
				"south": {"uv": [2, 10, 3.05, 10.15], "texture": "#0"},
				"west": {"uv": [2, 10, 3.05, 10.15], "texture": "#0"},
				"up": {"uv": [2, 10, 3.05, 10.15], "texture": "#0"},
				"down": {"uv": [2, 10, 3.05, 10.15], "texture": "#0"}
			}
		},
		{
			"from": [7.525, 1.8, 7.525],
			"to": [8.475, 2.45, 8.475],
			"rotation": {"angle": 0, "axis": "y", "origin": [6.825, 0, 7.175]},
			"faces": {
				"north": {"uv": [2, 10, 3.05, 10.65], "texture": "#0"},
				"east": {"uv": [2, 10, 3.05, 10.65], "texture": "#0"},
				"south": {"uv": [2, 10, 3.05, 10.65], "texture": "#0"},
				"west": {"uv": [2, 10, 3.05, 10.65], "texture": "#0"},
				"up": {"uv": [2, 10, 3.05, 10.65], "texture": "#0"},
				"down": {"uv": [2, 10, 3.05, 10.65], "texture": "#0"}
			}
		},
		{
			"from": [8.275, 2.45, 7.525],
			"to": [8.475, 2.7, 7.925],
			"rotation": {"angle": 0, "axis": "y", "origin": [6.825, 0, 7.175]},
			"faces": {
				"north": {"uv": [2, 10, 2.3, 10.25], "texture": "#0"},
				"east": {"uv": [2, 10, 2.3, 10.25], "texture": "#0"},
				"south": {"uv": [2, 10, 2.3, 10.25], "texture": "#0"},
				"west": {"uv": [2, 10, 2.3, 10.25], "texture": "#0"},
				"up": {"uv": [2, 10, 2.3, 10.25], "texture": "#0"},
				"down": {"uv": [2, 10, 2.3, 10.25], "texture": "#0"}
			}
		},
		{
			"from": [8.275, 2.45, 8.075],
			"to": [8.475, 2.7, 8.475],
			"rotation": {"angle": 0, "axis": "y", "origin": [6.825, 0, 7.175]},
			"faces": {
				"north": {"uv": [2, 10, 2.3, 10.25], "texture": "#0"},
				"east": {"uv": [2, 10, 2.3, 10.25], "texture": "#0"},
				"south": {"uv": [2, 10, 2.3, 10.25], "texture": "#0"},
				"west": {"uv": [2, 10, 2.3, 10.25], "texture": "#0"},
				"up": {"uv": [2, 10, 2.3, 10.25], "texture": "#0"},
				"down": {"uv": [2, 10, 2.3, 10.25], "texture": "#0"}
			}
		},
		{
			"from": [7.525, 2.45, 8.075],
			"to": [7.725, 2.7, 8.475],
			"rotation": {"angle": 0, "axis": "y", "origin": [6.825, 0, 7.175]},
			"faces": {
				"north": {"uv": [2, 10, 2.3, 10.25], "texture": "#0"},
				"east": {"uv": [2, 10, 2.3, 10.25], "texture": "#0"},
				"south": {"uv": [2, 10, 2.3, 10.25], "texture": "#0"},
				"west": {"uv": [2, 10, 2.3, 10.25], "texture": "#0"},
				"up": {"uv": [2, 10, 2.3, 10.25], "texture": "#0"},
				"down": {"uv": [2, 10, 2.3, 10.25], "texture": "#0"}
			}
		},
		{
			"from": [7.525, 2.45, 7.525],
			"to": [7.725, 2.7, 7.925],
			"rotation": {"angle": 0, "axis": "y", "origin": [6.825, 0, 7.175]},
			"faces": {
				"north": {"uv": [2, 10, 2.3, 10.3], "texture": "#0"},
				"east": {"uv": [2, 10, 2.3, 10.3], "texture": "#0"},
				"south": {"uv": [2, 10, 2.3, 10.3], "texture": "#0"},
				"west": {"uv": [2, 10, 2.3, 10.3], "texture": "#0"},
				"up": {"uv": [2, 10, 2.3, 10.3], "texture": "#0"},
				"down": {"uv": [2, 10, 2.3, 10.3], "texture": "#0"}
			}
		},
		{
			"from": [7.725, 2.45, 7.525],
			"to": [7.925, 2.7, 7.725],
			"rotation": {"angle": 0, "axis": "y", "origin": [6.825, 0, 7.175]},
			"faces": {
				"north": {"uv": [2, 10, 2.3, 10.3], "texture": "#0"},
				"east": {"uv": [2, 10, 2.3, 10.3], "texture": "#0"},
				"south": {"uv": [2, 10, 2.3, 10.3], "texture": "#0"},
				"west": {"uv": [2, 10, 2.3, 10.3], "texture": "#0"},
				"up": {"uv": [2, 10, 2.3, 10.3], "texture": "#0"},
				"down": {"uv": [2, 10, 2.3, 10.3], "texture": "#0"}
			}
		},
		{
			"from": [8.075, 2.45, 7.525],
			"to": [8.275, 2.7, 7.725],
			"rotation": {"angle": 0, "axis": "y", "origin": [6.825, 0, 7.175]},
			"faces": {
				"north": {"uv": [2, 10, 2.3, 10.3], "texture": "#0"},
				"east": {"uv": [2, 10, 2.3, 10.3], "texture": "#0"},
				"south": {"uv": [2, 10, 2.3, 10.3], "texture": "#0"},
				"west": {"uv": [2, 10, 2.3, 10.3], "texture": "#0"},
				"up": {"uv": [2, 10, 2.3, 10.3], "texture": "#0"},
				"down": {"uv": [2, 10, 2.3, 10.3], "texture": "#0"}
			}
		},
		{
			"from": [8.075, 2.45, 8.275],
			"to": [8.275, 2.7, 8.475],
			"rotation": {"angle": 0, "axis": "y", "origin": [6.825, 0, 8.825]},
			"faces": {
				"north": {"uv": [2.3, 10, 2, 10.3], "texture": "#0"},
				"east": {"uv": [2.3, 10, 2, 10.3], "texture": "#0"},
				"south": {"uv": [2.3, 10, 2, 10.3], "texture": "#0"},
				"west": {"uv": [2.3, 10, 2, 10.3], "texture": "#0"},
				"up": {"uv": [2, 10.3, 2.3, 10], "texture": "#0"},
				"down": {"uv": [2, 10.3, 2.3, 10], "texture": "#0"}
			}
		},
		{
			"from": [7.725, 2.45, 8.275],
			"to": [7.925, 2.7, 8.475],
			"rotation": {"angle": 0, "axis": "y", "origin": [6.825, 0, 8.825]},
			"faces": {
				"north": {"uv": [2.3, 10, 2, 10.3], "texture": "#0"},
				"east": {"uv": [2.3, 10, 2, 10.3], "texture": "#0"},
				"south": {"uv": [2.3, 10, 2, 10.3], "texture": "#0"},
				"west": {"uv": [2.3, 10, 2, 10.3], "texture": "#0"},
				"up": {"uv": [2, 10.3, 2.3, 10], "texture": "#0"},
				"down": {"uv": [2, 10.3, 2.3, 10], "texture": "#0"}
			}
		},
		{
			"from": [7.6, 0.7, 7.6],
			"to": [8.4, 2.1, 8.4],
			"rotation": {"angle": 0, "axis": "y", "origin": [6.65, 0, 7.25]},
			"faces": {
				"north": {"uv": [2, 10, 2.9, 11.4], "texture": "#0"},
				"east": {"uv": [2, 10, 2.9, 11.4], "texture": "#0"},
				"south": {"uv": [2, 10, 2.9, 11.4], "texture": "#0"},
				"west": {"uv": [2, 10, 2.9, 11.4], "texture": "#0"},
				"up": {"uv": [2, 10, 2.9, 11.4], "texture": "#0"},
				"down": {"uv": [2, 10, 2.9, 11.4], "texture": "#0"}
			}
		},
		{
			"from": [7.4, 0.5, 7.4],
			"to": [8.6, 0.65, 8.6],
			"rotation": {"angle": 0, "axis": "y", "origin": [7, 0, 7]},
			"faces": {
				"north": {"uv": [1.25, 9.5, 2.45, 10.7], "texture": "#0"},
				"east": {"uv": [1.25, 9.5, 2.45, 10.7], "texture": "#0"},
				"south": {"uv": [1.25, 9.5, 2.45, 10.7], "texture": "#0"},
				"west": {"uv": [1.25, 9.5, 2.45, 10.7], "texture": "#0"},
				"up": {"uv": [1.25, 9.5, 2.45, 10.7], "texture": "#0"},
				"down": {"uv": [1.25, 9.5, 2.45, 10.7], "texture": "#0"}
			}
		}
	],
	"display": {
		"head": {
			"translation": [0, -35.3, 0]
		}
	}
}