{
	"credit": "Made with Blockbench",
	"textures": {
		"0": "./back",
		"1": "./h_3",
		"particle": "./back"
	},
	"elements": [
		{
			"from": [3, 0, 3],
			"to": [11, 16, 4],
			"faces": {
				"north": {"uv": [1, 0, 9, 16], "texture": "#0"},
				"east": {"uv": [15, 0, 16, 16], "texture": "#0"},
				"south": {"uv": [1, 0, 9, 16], "texture": "#1"},
				"west": {"uv": [15, 0, 16, 16], "texture": "#0"},
				"up": {"uv": [1, 0, 9, 1], "texture": "#0"},
				"down": {"uv": [1, 0, 9, 1], "texture": "#0"}
			}
		},
		{
			"from": [2, 1, 3],
			"to": [3, 15, 4],
			"faces": {
				"north": {"uv": [9, 1, 10, 15], "texture": "#0"},
				"east": {"uv": [14, 2, 15, 16], "texture": "#0"},
				"south": {"uv": [0, 1, 1, 15], "texture": "#0"},
				"west": {"uv": [15, 2, 16, 16], "texture": "#0"},
				"up": {"uv": [15, 2, 16, 3], "texture": "#0"},
				"down": {"uv": [15, 4, 16, 5], "texture": "#0"}
			}
		},
		{
			"from": [11, 1, 3],
			"to": [12, 15, 4],
			"faces": {
				"north": {"uv": [0, 1, 1, 15], "texture": "#0"},
				"east": {"uv": [14, 2, 15, 16], "texture": "#0"},
				"south": {"uv": [9, 1, 10, 15], "texture": "#0"},
				"west": {"uv": [15, 2, 16, 16], "texture": "#0"},
				"up": {"uv": [15, 2, 16, 3], "texture": "#0"},
				"down": {"uv": [15, 4, 16, 5], "texture": "#0"}
			}
		}
	],
	"display": {
		"thirdperson_righthand": {
			"rotation": [0, -34, 0],
			"translation": [-2.5, 4.25, 3.5],
			"scale": [0.6, 0.6, 0.6]
		},
		"thirdperson_lefthand": {
			"rotation": [0, -25, 0],
			"translation": [-3.5, 3.5, 2.75],
			"scale": [0.6, 0.6, 0.6]
		},
		"firstperson_righthand": {
			"translation": [5.75, 2.75, 0]
		},
		"firstperson_lefthand": {
			"translation": [4.75, 3.5, 0]
		},
		"ground": {
			"rotation": [94, 0, 0],
			"translation": [0, -8.5, 0]
		},
		"gui": {
			"rotation": [0, -30, -7],
			"translation": [-2.25, 2, 0],
			"scale": [1.6, 1.6, 1.6]
		},
		"head": {
			"rotation": [0, -180, 0],
			"translation": [-1, 9, -11]
		},
		"fixed": {
			"rotation": [0, -180, 0],
			"translation": [0, 0, -5]
		}
	}
}