{
	"credit": "Made with Blockbench",
	"textures": {
		"0": "./box",
		"particle": "./box"
	},
	"elements": [
		{
			"from": [0, 0, 0],
			"to": [10, 16, 4],
			"faces": {
				"north": {"uv": [0, 0, 10, 16], "texture": "#0"},
				"east": {"uv": [12, 0, 16, 16], "texture": "#0"},
				"south": {"uv": [0, 0, 10, 16], "texture": "#0"},
				"west": {"uv": [12, 0, 16, 16], "texture": "#0"},
				"up": {"uv": [10, 1, 11, 0], "texture": "#0"},
				"down": {"uv": [10, 2, 11, 3], "texture": "#0"}
			}
		},
		{
			"from": [0.005, 15.005, 0.005],
			"to": [9.995, 15.995, 3.995],
			"faces": {
				"north": {"uv": [0, 0, 10, 1], "texture": "#missing"},
				"east": {"uv": [0, 0, 4, 1], "texture": "#missing"},
				"south": {"uv": [0, 0, 10, 1], "texture": "#0"},
				"west": {"uv": [0, 0, 4, 1], "texture": "#missing"},
				"up": {"uv": [12, 3, 16, 13], "rotation": 90, "texture": "#0"},
				"down": {"uv": [0, 0, 4, 10], "rotation": 270, "texture": "#missing"}
			}
		},
		{
			"from": [0.005, 0.005, 0.005],
			"to": [9.995, 0.995, 3.995],
			"faces": {
				"north": {"uv": [0, 0, 10, 1], "texture": "#missing"},
				"east": {"uv": [0, 0, 4, 1], "texture": "#missing"},
				"south": {"uv": [0, 0, 10, 1], "texture": "#0"},
				"west": {"uv": [0, 0, 4, 1], "texture": "#missing"},
				"up": {"uv": [12, 3, 16, 13], "rotation": 90, "texture": "#0"},
				"down": {"uv": [12, 3, 16, 13], "rotation": 270, "texture": "#0"}
			}
		}
	],
	"display": {
		"thirdperson_righthand": {
			"rotation": [0, -35, 0],
			"translation": [-2, 4, 3.75],
			"scale": [0.6, 0.6, 0.6]
		},
		"thirdperson_lefthand": {
			"rotation": [0, -24, 0],
			"translation": [-5, 1, 3],
			"scale": [0.6, 0.6, 0.6]
		},
		"firstperson_righthand": {
			"translation": [7.5, 0, 0]
		},
		"firstperson_lefthand": {
			"translation": [4.75, 0, 0]
		},
		"ground": {
			"rotation": [90, 0, 0]
		},
		"gui": {
			"rotation": [0, 143, -7],
			"translation": [2, 1.75, 0],
			"scale": [1.6, 1.6, 1.6]
		},
		"head": {
			"rotation": [90, 0, 35],
			"translation": [2.5, 4, 0],
			"scale": [0.6, 0.6, 0.6]
		}
	}
}