{
	"credit": "Made with Blockbench",
	"textures": {
		"0": "./folga1",
		"1": "./milk_choko",
		"particle": "./milk_choko"
	},
	"elements": [
		{
			"from": [-2.75, 0.2, 8.75],
			"to": [0.75, 3.7, 15.25],
			"rotation": {"angle": 45, "axis": "y", "origin": [0, 0.1, 0]},
			"faces": {
				"north": {"uv": [6, 2, 9, 5], "texture": "#1"},
				"east": {"uv": [8, 2, 14, 5], "texture": "#1"},
				"south": {"uv": [14, 2, 11, 5], "texture": "#1"},
				"west": {"uv": [8, 2, 14, 5], "texture": "#1"},
				"up": {"uv": [5, 2, 8, 8], "texture": "#1"},
				"down": {"uv": [5, 2, 8, 8], "texture": "#1"}
			}
		},
		{
			"from": [0.26, 0.21, 8.76],
			"to": [3.74, 3.69, 12.24],
			"rotation": {"angle": 45, "axis": "y", "origin": [0, 0.1, 0]},
			"faces": {
				"north": {"uv": [11, 2, 8, 5], "texture": "#1"},
				"east": {"uv": [8, 2, 11, 5], "texture": "#1"},
				"south": {"uv": [8, 2, 11, 5], "texture": "#1"},
				"west": {"uv": [8, 2, 11, 5], "texture": "#1"},
				"up": {"uv": [8, 2, 11, 5], "texture": "#1"},
				"down": {"uv": [8, 2, 11, 5], "texture": "#1"}
			}
		},
		{
			"from": [3, 0.1, 3],
			"to": [13, 0.1, 13],
			"rotation": {"angle": 0, "axis": "y", "origin": [0, 0.1, 0]},
			"faces": {
				"north": {"uv": [0, 0, 10, 0], "texture": "#0"},
				"east": {"uv": [0, 0, 10, 0], "texture": "#0"},
				"south": {"uv": [0, 0, 10, 0], "texture": "#0"},
				"west": {"uv": [0, 0, 10, 0], "texture": "#0"},
				"up": {"uv": [0, 3, 10, 13], "texture": "#0"},
				"down": {"uv": [0, 3, 10, 13], "texture": "#0"}
			}
		},
		{
			"from": [2.75, -1.15, 2],
			"to": [2.75, 1.85, 14],
			"rotation": {"angle": 22.5, "axis": "z", "origin": [0, 0.1, 0]},
			"faces": {
				"north": {"uv": [0, 0, 0, 3], "texture": "#0"},
				"east": {"uv": [0, 0, 12, 3], "texture": "#0"},
				"south": {"uv": [0, 0, 0, 3], "texture": "#0"},
				"west": {"uv": [0, 0, 12, 3], "texture": "#0"},
				"up": {"uv": [0, 0, 0, 12], "texture": "#0"},
				"down": {"uv": [0, 0, 0, 12], "texture": "#0"}
			}
		},
		{
			"from": [12, 5.1, 2],
			"to": [12, 8.1, 14],
			"rotation": {"angle": -22.5, "axis": "z", "origin": [0, 0.1, 0]},
			"faces": {
				"north": {"uv": [0, 0, 0, 3], "texture": "#0"},
				"east": {"uv": [0, 0, 12, 3], "texture": "#0"},
				"south": {"uv": [0, 0, 0, 3], "texture": "#0"},
				"west": {"uv": [0, 0, 12, 3], "texture": "#0"},
				"up": {"uv": [0, 0, 0, 12], "texture": "#0"},
				"down": {"uv": [0, 0, 0, 12], "texture": "#0"}
			}
		},
		{
			"from": [2, -1.15, 3],
			"to": [14, 1.85, 3],
			"rotation": {"angle": -22.5, "axis": "x", "origin": [0, 0.1, 0]},
			"faces": {
				"north": {"uv": [0, 0, 12, 3], "texture": "#0"},
				"east": {"uv": [0, 0, 0, 3], "texture": "#0"},
				"south": {"uv": [0, 0, 12, 3], "texture": "#0"},
				"west": {"uv": [0, 0, 0, 3], "texture": "#0"},
				"up": {"uv": [12, 0, 0, 0], "texture": "#0"},
				"down": {"uv": [12, 0, 0, 0], "texture": "#0"}
			}
		},
		{
			"from": [2, 5.1, 12],
			"to": [14, 8.1, 12],
			"rotation": {"angle": 22.5, "axis": "x", "origin": [0, 0.1, 0]},
			"faces": {
				"north": {"uv": [0, 0, 12, 3], "texture": "#0"},
				"east": {"uv": [0, 0, 0, 3], "texture": "#0"},
				"south": {"uv": [0, 0, 12, 3], "texture": "#0"},
				"west": {"uv": [0, 0, 0, 3], "texture": "#0"},
				"up": {"uv": [0, 0, 12, 0], "texture": "#0"},
				"down": {"uv": [0, 0, 12, 0], "texture": "#0"}
			}
		}
	],
	"display": {
		"thirdperson_righthand": {
			"rotation": [0, 90, 0],
			"translation": [-0.75, 4, -2],
			"scale": [0.8, 0.8, 0.8]
		},
		"thirdperson_lefthand": {
			"rotation": [0, -90, 0],
			"translation": [-2, 4.5, -3.25],
			"scale": [0.8, 0.8, 0.8]
		},
		"firstperson_righthand": {
			"translation": [0.5, 6.25, 0]
		},
		"gui": {
			"rotation": [40, 30, -10],
			"translation": [1, 4.5, 0]
		},
		"head": {
			"translation": [0, 14.5, 0]
		},
		"fixed": {
			"rotation": [-90, 0, 0],
			"translation": [0, 0, -16],
			"scale": [2, 2, 2]
		}
	}
}