{
	"credit": "Made with Blockbench",
	"textures": {
		"3": "./white_choko",
		"5": "./folga1",
		"particle": "./white_choko"
	},
	"elements": [
		{
			"from": [5, 0, 2],
			"to": [10, 2, 13],
			"faces": {
				"north": {"uv": [10, 0, 5, 2], "texture": "#3"},
				"east": {"uv": [5, 0, 16, 2], "texture": "#3"},
				"south": {"uv": [10, 0, 5, 2], "texture": "#3"},
				"west": {"uv": [5, 0, 16, 2], "texture": "#3"},
				"up": {"uv": [0, 0, 5, 11], "texture": "#3"},
				"down": {"uv": [0, 0, 5, 11], "texture": "#3"}
			}
		},
		{
			"from": [4.9, -0.1, 5.9],
			"to": [10.1, 2.1, 13.1],
			"faces": {
				"north": {"uv": [10, 11, 15, 12], "texture": "#5"},
				"east": {"uv": [15, 14, 8, 16], "texture": "#5"},
				"south": {"uv": [10, 12, 15, 14], "texture": "#5"},
				"west": {"uv": [7, 14, 14, 16], "texture": "#5"},
				"up": {"uv": [11, 4, 16, 11], "texture": "#5"},
				"down": {"uv": [11, 11, 16, 4], "texture": "#5"}
			}
		}
	],
	"display": {
		"thirdperson_righthand": {
			"translation": [-2, 4, -2],
			"scale": [0.8, 0.8, 0.8]
		},
		"thirdperson_lefthand": {
			"translation": [-2, 4, 0],
			"scale": [0.8, 0.8, 0.8]
		},
		"firstperson_righthand": {
			"translation": [5.25, 5, 0]
		},
		"gui": {
			"rotation": [20, -150, -10],
			"translation": [-2.25, 8.25, 0],
			"scale": [1.4, 1.4, 1.4]
		},
		"head": {
			"rotation": [10, 30, 0],
			"translation": [-0.5, 2, -10]
		},
		"fixed": {
			"rotation": [-90, 0, 0],
			"translation": [0, 0, -15],
			"scale": [2, 2, 2]
		}
	}
}