{
	"credit": "Made with Blockbench",
	"textures": {
		"0": "./white_choko",
		"particle": "./white_choko"
	},
	"elements": [
		{
			"from": [5, 0, 2],
			"to": [10, 2, 13],
			"faces": {
				"north": {"uv": [10, 0, 5, 2], "texture": "#0"},
				"east": {"uv": [5, 0, 16, 2], "texture": "#0"},
				"south": {"uv": [10, 0, 5, 2], "texture": "#0"},
				"west": {"uv": [5, 0, 16, 2], "texture": "#0"},
				"up": {"uv": [0, 0, 5, 11], "texture": "#0"},
				"down": {"uv": [0, 0, 5, 11], "texture": "#0"}
			}
		}
	],
	"display": {
		"thirdperson_righthand": {
			"translation": [-2, 4, -2],
			"scale": [0.8, 0.8, 0.8]
		},
		"thirdperson_lefthand": {
			"translation": [-2, 4, 0],
			"scale": [0.8, 0.8, 0.8]
		},
		"firstperson_righthand": {
			"translation": [5.25, 5, 0]
		},
		"gui": {
			"rotation": [20, 30, -10],
			"translation": [2.25, 8.75, 0],
			"scale": [1.4, 1.4, 1.4]
		},
		"head": {
			"rotation": [10, 30, 0],
			"translation": [-0.5, 2, -10]
		},
		"fixed": {
			"rotation": [-90, 0, 0],
			"translation": [0, 0, -15],
			"scale": [2, 2, 2]
		}
	}
}