{
	"credit": "Made with Blockbench",
	"texture_size": [64, 64],
	"textures": {
		"0": "./shield",
		"particle": "./shield"
	},
	"elements": [
		{
			"name": "shield",
			"from": [7, 8, 8],
			"to": [9, 14, 14],
			"faces": {
				"north": {"uv": [8, 1.5, 8.5, 3], "texture": "#0"},
				"east": {"uv": [6.5, 1.5, 8, 3], "texture": "#0"},
				"south": {"uv": [10, 1.5, 10.5, 3], "texture": "#0"},
				"west": {"uv": [8.5, 1.5, 10, 3], "texture": "#0"},
				"up": {"uv": [8.5, 1.5, 8, 0], "texture": "#0"},
				"down": {"uv": [9, 0, 8.5, 1.5], "texture": "#0"}
			}
		},
		{
			"name": "shield",
			"from": [2, 4, 7],
			"to": [5, 21, 8],
			"faces": {
				"north": {"uv": [0.25, 6, 1, 10.25], "texture": "#0"},
				"east": {"uv": [0, 6, 0.25, 10.25], "texture": "#0"},
				"south": {"uv": [1.25, 6, 2, 10.25], "texture": "#0"},
				"west": {"uv": [1, 6, 1.25, 10.25], "texture": "#0"},
				"up": {"uv": [1, 6, 0.25, 5.75], "texture": "#0"},
				"down": {"uv": [1.75, 5.75, 1, 6], "texture": "#0"}
			}
		},
		{
			"name": "shield",
			"from": [5, 3, 7],
			"to": [8, 20, 8],
			"faces": {
				"north": {"uv": [2.75, 6, 3.5, 10.25], "texture": "#0"},
				"east": {"uv": [2.5, 6, 2.75, 10.25], "texture": "#0"},
				"south": {"uv": [3.75, 6, 4.5, 10.25], "texture": "#0"},
				"west": {"uv": [3.5, 6, 3.75, 10.25], "texture": "#0"},
				"up": {"uv": [3.5, 6, 2.75, 5.75], "texture": "#0"},
				"down": {"uv": [4.25, 5.75, 3.5, 6], "texture": "#0"}
			}
		},
		{
			"name": "shield",
			"from": [8, 5, 7],
			"to": [11, 22, 8],
			"faces": {
				"north": {"uv": [5.25, 6, 6, 10.25], "texture": "#0"},
				"east": {"uv": [5, 6, 5.25, 10.25], "texture": "#0"},
				"south": {"uv": [6.25, 6, 7, 10.25], "texture": "#0"},
				"west": {"uv": [6, 6, 6.25, 10.25], "texture": "#0"},
				"up": {"uv": [6, 6, 5.25, 5.75], "texture": "#0"},
				"down": {"uv": [6.75, 5.75, 6, 6], "texture": "#0"}
			}
		},
		{
			"name": "shield",
			"from": [11, 2, 7],
			"to": [14, 19, 8],
			"faces": {
				"north": {"uv": [8, 6, 8.75, 10.25], "texture": "#0"},
				"east": {"uv": [7.75, 6, 8, 10.25], "texture": "#0"},
				"south": {"uv": [9, 6, 9.75, 10.25], "texture": "#0"},
				"west": {"uv": [8.75, 6, 9, 10.25], "texture": "#0"},
				"up": {"uv": [8.75, 6, 8, 5.75], "texture": "#0"},
				"down": {"uv": [9.5, 5.75, 8.75, 6], "texture": "#0"}
			}
		}
	],
	"gui_light": "front",
	"display": {
		"thirdperson_righthand": {
			"rotation": [0, -90, 0],
			"translation": [3, -4.75, 4]
		},
		"thirdperson_lefthand": {
			"rotation": [0, -90, 0],
			"translation": [3, -4.75, 4]
		},
		"firstperson_righthand": {
			"rotation": [0, 0, -6],
			"translation": [0.75, -8, 0]
		},
		"firstperson_lefthand": {
			"rotation": [0, 0, -6],
			"translation": [0.75, -8, 0]
		},
		"ground": {
			"scale": [0.3, 0.3, 0.3]
		},
		"gui": {
			"rotation": [0, 158, 2],
			"translation": [0, -4, 0],
			"scale": [0.9, 0.9, 0.9]
		},
		"head": {
			"rotation": [90, 0, 0],
			"translation": [0, 6.5, -4]
		},
		"fixed": {
			"translation": [0, -2.5, -1],
			"scale": [0.5, 0.5, 0.5]
		}
	},
	"groups": [
		{
			"name": "shield",
			"origin": [0, 11, 1],
			"color": 0,
			"children": [0, 1, 2, 3, 4]
		}
	]
}