{
	"credit": "Made with Blockbench",
	"textures": {
		"0": "./box",
		"1": "./celofun",
		"2": "./etiketka",
		"particle": "./box"
	},
	"elements": [
		{
			"from": [0, 0, 0],
			"to": [10, 16, 4],
			"faces": {
				"north": {"uv": [0, 0, 10, 16], "texture": "#0"},
				"east": {"uv": [12, 0, 16, 16], "texture": "#0"},
				"south": {"uv": [0, 0, 10, 16], "texture": "#0"},
				"west": {"uv": [12, 0, 16, 16], "texture": "#0"},
				"up": {"uv": [10, 1, 11, 0], "texture": "#0"},
				"down": {"uv": [10, 2, 11, 3], "texture": "#0"}
			}
		},
		{
			"from": [-0.25, -0.25, -0.25],
			"to": [10.25, 16.25, 4.25],
			"faces": {
				"north": {"uv": [0, 0, 10, 16], "texture": "#1"},
				"east": {"uv": [12, 0, 16, 16], "texture": "#1"},
				"south": {"uv": [0, 0, 10, 16], "texture": "#1"},
				"west": {"uv": [12, 0, 16, 16], "texture": "#1"},
				"up": {"uv": [10, 1, 11, 0], "texture": "#1"},
				"down": {"uv": [10, 2, 11, 3], "texture": "#1"}
			}
		},
		{
			"from": [0.005, 15.005, 0.005],
			"to": [9.995, 15.995, 3.995],
			"faces": {
				"north": {"uv": [0, 0, 10, 1], "texture": "#missing"},
				"east": {"uv": [0, 0, 4, 1], "texture": "#missing"},
				"south": {"uv": [0, 0, 10, 1], "texture": "#0"},
				"west": {"uv": [0, 0, 4, 1], "texture": "#missing"},
				"up": {"uv": [12, 3, 16, 13], "rotation": 90, "texture": "#0"},
				"down": {"uv": [0, 0, 4, 10], "rotation": 270, "texture": "#missing"}
			}
		},
		{
			"from": [-0.245, 14.755, -0.245],
			"to": [10.245, 16.245, 4.245],
			"faces": {
				"north": {"uv": [0, 0, 10, 1], "texture": "#1"},
				"east": {"uv": [0, 0, 4, 1], "texture": "#1"},
				"south": {"uv": [0, 0, 10, 1], "texture": "#1"},
				"west": {"uv": [0, 0, 4, 1], "texture": "#1"},
				"up": {"uv": [12, 3, 16, 13], "rotation": 90, "texture": "#1"},
				"down": {"uv": [0, 0, 4, 10], "rotation": 270, "texture": "#1"}
			}
		},
		{
			"from": [0.005, 0.005, 0.005],
			"to": [9.995, 0.995, 3.995],
			"faces": {
				"north": {"uv": [0, 0, 10, 1], "texture": "#missing"},
				"east": {"uv": [0, 0, 4, 1], "texture": "#missing"},
				"south": {"uv": [0, 0, 10, 1], "texture": "#0"},
				"west": {"uv": [0, 0, 4, 1], "texture": "#missing"},
				"up": {"uv": [12, 3, 16, 13], "rotation": 90, "texture": "#0"},
				"down": {"uv": [12, 3, 16, 13], "rotation": 270, "texture": "#0"}
			}
		},
		{
			"from": [-0.245, -0.245, -0.245],
			"to": [10.245, 1.245, 4.245],
			"faces": {
				"north": {"uv": [0, 0, 10, 1], "texture": "#1"},
				"east": {"uv": [0, 0, 4, 1], "texture": "#1"},
				"south": {"uv": [0, 0, 10, 1], "texture": "#1"},
				"west": {"uv": [0, 0, 4, 1], "texture": "#1"},
				"up": {"uv": [12, 3, 16, 13], "rotation": 90, "texture": "#1"},
				"down": {"uv": [12, 3, 16, 13], "rotation": 270, "texture": "#1"}
			}
		},
		{
			"from": [3, 0, -0.26],
			"to": [13, 10, -0.26],
			"rotation": {"angle": 45, "axis": "z", "origin": [0, 0, 0]},
			"faces": {
				"north": {"uv": [0, 0, 16, 16], "texture": "#2"},
				"east": {"uv": [0, 0, 6, 16], "texture": "#missing"},
				"south": {"uv": [0, 0, 16, 16], "texture": "#2"},
				"west": {"uv": [0, 0, 6, 16], "texture": "#missing"},
				"up": {"uv": [0, 0, 16, 6], "texture": "#missing"},
				"down": {"uv": [0, 0, 16, 6], "texture": "#missing"}
			}
		}
	],
	"display": {
		"thirdperson_righthand": {
			"rotation": [0, -38, 0],
			"translation": [-2.5, 4, 3.5],
			"scale": [0.6, 0.6, 0.6]
		},
		"thirdperson_lefthand": {
			"rotation": [0, -25, 0],
			"translation": [-5, 0.75, 2.5],
			"scale": [0.6, 0.6, 0.6]
		},
		"firstperson_righthand": {
			"translation": [7.25, 0, 0]
		},
		"firstperson_lefthand": {
			"translation": [3.25, 0, 0]
		},
		"ground": {
			"rotation": [90, 0, 0]
		},
		"gui": {
			"rotation": [0, 143, -7],
			"translation": [2, 1.75, 0],
			"scale": [1.6, 1.6, 1.6]
		},
		"head": {
			"rotation": [90, 0, 35],
			"translation": [2.5, 4, 0],
			"scale": [0.6, 0.6, 0.6]
		}
	}
}