{
	"credit": "Made with Blockbench",
	"textures": {
		"1": "blockbench/knife_texture_1",
		"2": "blockbench/knife_texture_2",
		"3": "blockbench/knife_texture_3",
		"4": "blockbench/knife_texture_4",
		"5": "blockbench/knife_texture_5",
		"6": "blockbench/knife_texture_6",
		"7": "blockbench/knife_texture_7",
		"8": "blockbench/knife_texture_8",
		"9": "blockbench/knife_texture_9",
		"10": "blockbench/knife_texture_10",
		"11": "blockbench/knife_texture_11",
		"12": "blockbench/blood",
		"particle": "block/dlelete"
	},
	"elements": [
		{
			"from": [2, 14, 1],
			"to": [3, 15, 2],
			"faces": {
				"north": {"uv": [0, 0, 1, 1], "texture": "#11"},
				"east": {"uv": [0, 1, 1, 2], "texture": "#11"},
				"south": {"uv": [1, 0, 2, 1], "texture": "#11"},
				"west": {"uv": [1, 1, 2, 2], "texture": "#11"},
				"up": {"uv": [1, 3, 0, 2], "texture": "#11"},
				"down": {"uv": [3, 0, 2, 1], "texture": "#11"}
			}
		},
		{
			"from": [1, 14, 1],
			"to": [2, 15, 2],
			"faces": {
				"north": {"uv": [0, 0, 1, 1], "texture": "#11"},
				"east": {"uv": [0, 1, 1, 2], "texture": "#11"},
				"south": {"uv": [1, 0, 2, 1], "texture": "#11"},
				"west": {"uv": [1, 1, 2, 2], "texture": "#11"},
				"up": {"uv": [1, 3, 0, 2], "texture": "#11"},
				"down": {"uv": [3, 0, 2, 1], "texture": "#11"}
			}
		},
		{
			"from": [1, 13, 1],
			"to": [2, 14, 2],
			"faces": {
				"north": {"uv": [0, 0, 1, 1], "texture": "#12"},
				"east": {"uv": [0, 1, 1, 2], "texture": "#12"},
				"south": {"uv": [1, 0, 2, 1], "texture": "#12"},
				"west": {"uv": [1, 1, 2, 2], "texture": "#12"},
				"up": {"uv": [1, 3, 0, 2], "texture": "#12"},
				"down": {"uv": [3, 0, 2, 1], "texture": "#12"}
			}
		},
		{
			"from": [3, 13, 1],
			"to": [4, 14, 2],
			"faces": {
				"north": {"uv": [0, 0, 1, 1], "texture": "#11"},
				"east": {"uv": [0, 1, 1, 2], "texture": "#11"},
				"south": {"uv": [1, 0, 2, 1], "texture": "#11"},
				"west": {"uv": [1, 1, 2, 2], "texture": "#11"},
				"up": {"uv": [1, 3, 0, 2], "texture": "#11"},
				"down": {"uv": [3, 0, 2, 1], "texture": "#11"}
			}
		},
		{
			"from": [2, 12, 1],
			"to": [3, 13, 2],
			"faces": {
				"north": {"uv": [0, 0, 1, 1], "texture": "#11"},
				"east": {"uv": [0, 1, 1, 2], "texture": "#11"},
				"south": {"uv": [1, 0, 2, 1], "texture": "#11"},
				"west": {"uv": [1, 1, 2, 2], "texture": "#11"},
				"up": {"uv": [1, 3, 0, 2], "texture": "#11"},
				"down": {"uv": [3, 0, 2, 1], "texture": "#11"}
			}
		},
		{
			"from": [3, 11, 1],
			"to": [4, 12, 2],
			"faces": {
				"north": {"uv": [0, 0, 1, 1], "texture": "#12"},
				"east": {"uv": [0, 1, 1, 2], "texture": "#12"},
				"south": {"uv": [1, 0, 2, 1], "texture": "#12"},
				"west": {"uv": [1, 1, 2, 2], "texture": "#12"},
				"up": {"uv": [1, 3, 0, 2], "texture": "#12"},
				"down": {"uv": [3, 0, 2, 1], "texture": "#12"}
			}
		},
		{
			"from": [5, 9, 1],
			"to": [6, 10, 2],
			"faces": {
				"north": {"uv": [0, 0, 1, 1], "texture": "#12"},
				"east": {"uv": [0, 1, 1, 2], "texture": "#12"},
				"south": {"uv": [1, 0, 2, 1], "texture": "#12"},
				"west": {"uv": [1, 1, 2, 2], "texture": "#12"},
				"up": {"uv": [1, 3, 0, 2], "texture": "#12"},
				"down": {"uv": [3, 0, 2, 1], "texture": "#12"}
			}
		},
		{
			"from": [4, 10, 1],
			"to": [5, 11, 2],
			"faces": {
				"north": {"uv": [0, 0, 1, 1], "texture": "#11"},
				"east": {"uv": [0, 1, 1, 2], "texture": "#11"},
				"south": {"uv": [1, 0, 2, 1], "texture": "#11"},
				"west": {"uv": [1, 1, 2, 2], "texture": "#11"},
				"up": {"uv": [1, 3, 0, 2], "texture": "#11"},
				"down": {"uv": [3, 0, 2, 1], "texture": "#11"}
			}
		},
		{
			"from": [8, 6, 1],
			"to": [9, 7, 2],
			"faces": {
				"north": {"uv": [0, 0, 1, 1], "texture": "#9"},
				"east": {"uv": [0, 1, 1, 2], "texture": "#9"},
				"south": {"uv": [1, 0, 2, 1], "texture": "#9"},
				"west": {"uv": [1, 1, 2, 2], "texture": "#9"},
				"up": {"uv": [1, 3, 0, 2], "texture": "#9"},
				"down": {"uv": [3, 0, 2, 1], "texture": "#9"}
			}
		},
		{
			"from": [8, 8, 1],
			"to": [9, 9, 2],
			"faces": {
				"north": {"uv": [0, 0, 1, 1], "texture": "#10"},
				"east": {"uv": [0, 1, 1, 2], "texture": "#10"},
				"south": {"uv": [1, 0, 2, 1], "texture": "#10"},
				"west": {"uv": [1, 1, 2, 2], "texture": "#10"},
				"up": {"uv": [1, 3, 0, 2], "texture": "#10"},
				"down": {"uv": [3, 0, 2, 1], "texture": "#10"}
			}
		},
		{
			"from": [9, 7, 1],
			"to": [10, 8, 2],
			"faces": {
				"north": {"uv": [0, 0, 1, 1], "texture": "#9"},
				"east": {"uv": [0, 1, 1, 2], "texture": "#9"},
				"south": {"uv": [1, 0, 2, 1], "texture": "#9"},
				"west": {"uv": [1, 1, 2, 2], "texture": "#9"},
				"up": {"uv": [1, 3, 0, 2], "texture": "#9"},
				"down": {"uv": [3, 0, 2, 1], "texture": "#9"}
			}
		},
		{
			"from": [7, 7, 1],
			"to": [8, 8, 2],
			"faces": {
				"north": {"uv": [0, 0, 1, 1], "texture": "#10"},
				"east": {"uv": [0, 1, 1, 2], "texture": "#10"},
				"south": {"uv": [1, 0, 2, 1], "texture": "#10"},
				"west": {"uv": [1, 1, 2, 2], "texture": "#10"},
				"up": {"uv": [1, 3, 0, 2], "texture": "#10"},
				"down": {"uv": [3, 0, 2, 1], "texture": "#10"}
			}
		},
		{
			"from": [7, 9, 1],
			"to": [8, 10, 2],
			"faces": {
				"north": {"uv": [0, 0, 1, 1], "texture": "#10"},
				"east": {"uv": [0, 1, 1, 2], "texture": "#10"},
				"south": {"uv": [1, 0, 2, 1], "texture": "#10"},
				"west": {"uv": [1, 1, 2, 2], "texture": "#10"},
				"up": {"uv": [1, 3, 0, 2], "texture": "#10"},
				"down": {"uv": [3, 0, 2, 1], "texture": "#10"}
			}
		},
		{
			"from": [6, 8, 1],
			"to": [7, 9, 2],
			"faces": {
				"north": {"uv": [0, 0, 1, 1], "texture": "#10"},
				"east": {"uv": [0, 1, 1, 2], "texture": "#10"},
				"south": {"uv": [1, 0, 2, 1], "texture": "#10"},
				"west": {"uv": [1, 1, 2, 2], "texture": "#10"},
				"up": {"uv": [1, 3, 0, 2], "texture": "#10"},
				"down": {"uv": [3, 0, 2, 1], "texture": "#10"}
			}
		},
		{
			"from": [6, 10, 1],
			"to": [7, 11, 2],
			"faces": {
				"north": {"uv": [0, 0, 1, 1], "texture": "#10"},
				"east": {"uv": [0, 1, 1, 2], "texture": "#10"},
				"south": {"uv": [1, 0, 2, 1], "texture": "#10"},
				"west": {"uv": [1, 1, 2, 2], "texture": "#10"},
				"up": {"uv": [1, 3, 0, 2], "texture": "#10"},
				"down": {"uv": [3, 0, 2, 1], "texture": "#10"}
			}
		},
		{
			"from": [5, 11, 1],
			"to": [6, 12, 2],
			"faces": {
				"north": {"uv": [0, 0, 1, 1], "texture": "#10"},
				"east": {"uv": [0, 1, 1, 2], "texture": "#10"},
				"south": {"uv": [1, 0, 2, 1], "texture": "#10"},
				"west": {"uv": [1, 1, 2, 2], "texture": "#10"},
				"up": {"uv": [1, 3, 0, 2], "texture": "#10"},
				"down": {"uv": [3, 0, 2, 1], "texture": "#10"}
			}
		},
		{
			"from": [4, 12, 1],
			"to": [5, 13, 2],
			"faces": {
				"north": {"uv": [0, 0, 1, 1], "texture": "#10"},
				"east": {"uv": [0, 1, 1, 2], "texture": "#10"},
				"south": {"uv": [1, 0, 2, 1], "texture": "#10"},
				"west": {"uv": [1, 1, 2, 2], "texture": "#10"},
				"up": {"uv": [1, 3, 0, 2], "texture": "#10"},
				"down": {"uv": [3, 0, 2, 1], "texture": "#10"}
			}
		},
		{
			"from": [7, 8, 1],
			"to": [8, 9, 2],
			"faces": {
				"north": {"uv": [0, 0, 1, 1], "texture": "#9"},
				"east": {"uv": [0, 1, 1, 2], "texture": "#9"},
				"south": {"uv": [1, 0, 2, 1], "texture": "#9"},
				"west": {"uv": [1, 1, 2, 2], "texture": "#9"},
				"up": {"uv": [1, 3, 0, 2], "texture": "#9"},
				"down": {"uv": [3, 0, 2, 1], "texture": "#9"}
			}
		},
		{
			"from": [6, 9, 1],
			"to": [7, 10, 2],
			"faces": {
				"north": {"uv": [0, 0, 1, 1], "texture": "#9"},
				"east": {"uv": [0, 1, 1, 2], "texture": "#9"},
				"south": {"uv": [1, 0, 2, 1], "texture": "#9"},
				"west": {"uv": [1, 1, 2, 2], "texture": "#9"},
				"up": {"uv": [1, 3, 0, 2], "texture": "#9"},
				"down": {"uv": [3, 0, 2, 1], "texture": "#9"}
			}
		},
		{
			"from": [5, 10, 1],
			"to": [6, 11, 2],
			"faces": {
				"north": {"uv": [0, 0, 1, 1], "texture": "#9"},
				"east": {"uv": [0, 1, 1, 2], "texture": "#9"},
				"south": {"uv": [1, 0, 2, 1], "texture": "#9"},
				"west": {"uv": [1, 1, 2, 2], "texture": "#9"},
				"up": {"uv": [1, 3, 0, 2], "texture": "#9"},
				"down": {"uv": [3, 0, 2, 1], "texture": "#9"}
			}
		},
		{
			"from": [4, 11, 1],
			"to": [5, 12, 2],
			"faces": {
				"north": {"uv": [0, 0, 1, 1], "texture": "#12"},
				"east": {"uv": [0, 1, 1, 2], "texture": "#12"},
				"south": {"uv": [1, 0, 2, 1], "texture": "#12"},
				"west": {"uv": [1, 1, 2, 2], "texture": "#12"},
				"up": {"uv": [1, 3, 0, 2], "texture": "#12"},
				"down": {"uv": [3, 0, 2, 1], "texture": "#12"}
			}
		},
		{
			"from": [3, 12, 1],
			"to": [4, 13, 2],
			"faces": {
				"north": {"uv": [0, 0, 1, 1], "texture": "#12"},
				"east": {"uv": [0, 1, 1, 2], "texture": "#12"},
				"south": {"uv": [1, 0, 2, 1], "texture": "#12"},
				"west": {"uv": [1, 1, 2, 2], "texture": "#12"},
				"up": {"uv": [1, 3, 0, 2], "texture": "#12"},
				"down": {"uv": [3, 0, 2, 1], "texture": "#12"}
			}
		},
		{
			"from": [2, 13, 1],
			"to": [3, 14, 2],
			"faces": {
				"north": {"uv": [0, 0, 1, 1], "texture": "#9"},
				"east": {"uv": [0, 1, 1, 2], "texture": "#9"},
				"south": {"uv": [1, 0, 2, 1], "texture": "#9"},
				"west": {"uv": [1, 1, 2, 2], "texture": "#9"},
				"up": {"uv": [1, 3, 0, 2], "texture": "#9"},
				"down": {"uv": [3, 0, 2, 1], "texture": "#9"}
			}
		},
		{
			"from": [12, 3, 1],
			"to": [13, 4, 2],
			"faces": {
				"north": {"uv": [0, 0, 1, 1], "texture": "#8"},
				"east": {"uv": [0, 1, 1, 2], "texture": "#8"},
				"south": {"uv": [1, 0, 2, 1], "texture": "#8"},
				"west": {"uv": [1, 1, 2, 2], "texture": "#8"},
				"up": {"uv": [1, 3, 0, 2], "texture": "#8"},
				"down": {"uv": [3, 0, 2, 1], "texture": "#8"}
			}
		},
		{
			"from": [13, 3, 1],
			"to": [14, 4, 2],
			"faces": {
				"north": {"uv": [0, 0, 1, 1], "texture": "#6"},
				"east": {"uv": [0, 1, 1, 2], "texture": "#6"},
				"south": {"uv": [1, 0, 2, 1], "texture": "#6"},
				"west": {"uv": [1, 1, 2, 2], "texture": "#6"},
				"up": {"uv": [1, 3, 0, 2], "texture": "#6"},
				"down": {"uv": [3, 0, 2, 1], "texture": "#6"}
			}
		},
		{
			"from": [12, 4, 1],
			"to": [13, 5, 2],
			"faces": {
				"north": {"uv": [0, 0, 1, 1], "texture": "#6"},
				"east": {"uv": [0, 1, 1, 2], "texture": "#6"},
				"south": {"uv": [1, 0, 2, 1], "texture": "#6"},
				"west": {"uv": [1, 1, 2, 2], "texture": "#6"},
				"up": {"uv": [1, 3, 0, 2], "texture": "#6"},
				"down": {"uv": [3, 0, 2, 1], "texture": "#6"}
			}
		},
		{
			"from": [8, 4, 1],
			"to": [9, 5, 2],
			"faces": {
				"north": {"uv": [0, 0, 1, 1], "texture": "#4"},
				"east": {"uv": [0, 1, 1, 2], "texture": "#4"},
				"south": {"uv": [1, 0, 2, 1], "texture": "#4"},
				"west": {"uv": [1, 1, 2, 2], "texture": "#4"},
				"up": {"uv": [1, 3, 0, 2], "texture": "#4"},
				"down": {"uv": [3, 0, 2, 1], "texture": "#4"}
			}
		},
		{
			"from": [9, 4, 1],
			"to": [10, 5, 2],
			"faces": {
				"north": {"uv": [0, 0, 1, 1], "texture": "#4"},
				"east": {"uv": [0, 1, 1, 2], "texture": "#4"},
				"south": {"uv": [1, 0, 2, 1], "texture": "#4"},
				"west": {"uv": [1, 1, 2, 2], "texture": "#4"},
				"up": {"uv": [1, 3, 0, 2], "texture": "#4"},
				"down": {"uv": [3, 0, 2, 1], "texture": "#4"}
			}
		},
		{
			"from": [9, 5, 1],
			"to": [10, 6, 2],
			"faces": {
				"north": {"uv": [0, 0, 1, 1], "texture": "#4"},
				"east": {"uv": [0, 1, 1, 2], "texture": "#4"},
				"south": {"uv": [1, 0, 2, 1], "texture": "#4"},
				"west": {"uv": [1, 1, 2, 2], "texture": "#4"},
				"up": {"uv": [1, 3, 0, 2], "texture": "#4"},
				"down": {"uv": [3, 0, 2, 1], "texture": "#4"}
			}
		},
		{
			"from": [8, 7, 1],
			"to": [9, 8, 2],
			"faces": {
				"north": {"uv": [0, 0, 1, 1], "texture": "#4"},
				"east": {"uv": [0, 1, 1, 2], "texture": "#4"},
				"south": {"uv": [1, 0, 2, 1], "texture": "#4"},
				"west": {"uv": [1, 1, 2, 2], "texture": "#4"},
				"up": {"uv": [1, 3, 0, 2], "texture": "#4"},
				"down": {"uv": [3, 0, 2, 1], "texture": "#4"}
			}
		},
		{
			"from": [13, 0, 1],
			"to": [14, 1, 2],
			"faces": {
				"north": {"uv": [0, 0, 1, 1], "texture": "#2"},
				"east": {"uv": [0, 1, 1, 2], "texture": "#2"},
				"south": {"uv": [1, 0, 2, 1], "texture": "#2"},
				"west": {"uv": [1, 1, 2, 2], "texture": "#2"},
				"up": {"uv": [1, 3, 0, 2], "texture": "#2"},
				"down": {"uv": [3, 0, 2, 1], "texture": "#2"}
			}
		},
		{
			"from": [13, 1, 1],
			"to": [14, 2, 2],
			"faces": {
				"north": {"uv": [0, 0, 1, 1], "texture": "#2"},
				"east": {"uv": [0, 1, 1, 2], "texture": "#2"},
				"south": {"uv": [1, 0, 2, 1], "texture": "#2"},
				"west": {"uv": [1, 1, 2, 2], "texture": "#2"},
				"up": {"uv": [1, 3, 0, 2], "texture": "#2"},
				"down": {"uv": [3, 0, 2, 1], "texture": "#2"}
			}
		},
		{
			"from": [12, 8, 1],
			"to": [13, 9, 2],
			"faces": {
				"north": {"uv": [0, 0, 1, 1], "texture": "#2"},
				"east": {"uv": [0, 1, 1, 2], "texture": "#2"},
				"south": {"uv": [1, 0, 2, 1], "texture": "#2"},
				"west": {"uv": [1, 1, 2, 2], "texture": "#2"},
				"up": {"uv": [1, 3, 0, 2], "texture": "#2"},
				"down": {"uv": [3, 0, 2, 1], "texture": "#2"}
			}
		},
		{
			"from": [11, 7, 1],
			"to": [12, 8, 2],
			"faces": {
				"north": {"uv": [0, 0, 1, 1], "texture": "#2"},
				"east": {"uv": [0, 1, 1, 2], "texture": "#2"},
				"south": {"uv": [1, 0, 2, 1], "texture": "#2"},
				"west": {"uv": [1, 1, 2, 2], "texture": "#2"},
				"up": {"uv": [1, 3, 0, 2], "texture": "#2"},
				"down": {"uv": [3, 0, 2, 1], "texture": "#2"}
			}
		},
		{
			"from": [11, 6, 1],
			"to": [12, 7, 2],
			"faces": {
				"north": {"uv": [0, 0, 1, 1], "texture": "#2"},
				"east": {"uv": [0, 1, 1, 2], "texture": "#2"},
				"south": {"uv": [1, 0, 2, 1], "texture": "#2"},
				"west": {"uv": [1, 1, 2, 2], "texture": "#2"},
				"up": {"uv": [1, 3, 0, 2], "texture": "#2"},
				"down": {"uv": [3, 0, 2, 1], "texture": "#2"}
			}
		},
		{
			"from": [10, 6, 1],
			"to": [11, 7, 2],
			"faces": {
				"north": {"uv": [0, 0, 1, 1], "texture": "#2"},
				"east": {"uv": [0, 1, 1, 2], "texture": "#2"},
				"south": {"uv": [1, 0, 2, 1], "texture": "#2"},
				"west": {"uv": [1, 1, 2, 2], "texture": "#2"},
				"up": {"uv": [1, 3, 0, 2], "texture": "#2"},
				"down": {"uv": [3, 0, 2, 1], "texture": "#2"}
			}
		},
		{
			"from": [10, 4, 1],
			"to": [11, 5, 2],
			"faces": {
				"north": {"uv": [0, 0, 1, 1], "texture": "#2"},
				"east": {"uv": [0, 1, 1, 2], "texture": "#2"},
				"south": {"uv": [1, 0, 2, 1], "texture": "#2"},
				"west": {"uv": [1, 1, 2, 2], "texture": "#2"},
				"up": {"uv": [1, 3, 0, 2], "texture": "#2"},
				"down": {"uv": [3, 0, 2, 1], "texture": "#2"}
			}
		},
		{
			"from": [7, 4, 1],
			"to": [8, 5, 2],
			"faces": {
				"north": {"uv": [0, 0, 1, 1], "texture": "#2"},
				"east": {"uv": [0, 1, 1, 2], "texture": "#2"},
				"south": {"uv": [1, 0, 2, 1], "texture": "#2"},
				"west": {"uv": [1, 1, 2, 2], "texture": "#2"},
				"up": {"uv": [1, 3, 0, 2], "texture": "#2"},
				"down": {"uv": [3, 0, 2, 1], "texture": "#2"}
			}
		},
		{
			"from": [6, 3, 1],
			"to": [7, 4, 2],
			"faces": {
				"north": {"uv": [0, 0, 1, 1], "texture": "#2"},
				"east": {"uv": [0, 1, 1, 2], "texture": "#2"},
				"south": {"uv": [1, 0, 2, 1], "texture": "#2"},
				"west": {"uv": [1, 1, 2, 2], "texture": "#2"},
				"up": {"uv": [1, 3, 0, 2], "texture": "#2"},
				"down": {"uv": [3, 0, 2, 1], "texture": "#2"}
			}
		},
		{
			"from": [6, 2, 1],
			"to": [7, 3, 2],
			"faces": {
				"north": {"uv": [0, 0, 1, 1], "texture": "#2"},
				"east": {"uv": [0, 1, 1, 2], "texture": "#2"},
				"south": {"uv": [1, 0, 2, 1], "texture": "#2"},
				"west": {"uv": [1, 1, 2, 2], "texture": "#2"},
				"up": {"uv": [1, 3, 0, 2], "texture": "#2"},
				"down": {"uv": [3, 0, 2, 1], "texture": "#2"}
			}
		},
		{
			"from": [7, 2, 1],
			"to": [8, 3, 2],
			"faces": {
				"north": {"uv": [0, 0, 1, 1], "texture": "#2"},
				"east": {"uv": [0, 1, 1, 2], "texture": "#2"},
				"south": {"uv": [1, 0, 2, 1], "texture": "#2"},
				"west": {"uv": [1, 1, 2, 2], "texture": "#2"},
				"up": {"uv": [1, 3, 0, 2], "texture": "#2"},
				"down": {"uv": [3, 0, 2, 1], "texture": "#2"}
			}
		},
		{
			"from": [8, 3, 1],
			"to": [9, 4, 2],
			"faces": {
				"north": {"uv": [0, 0, 1, 1], "texture": "#2"},
				"east": {"uv": [0, 1, 1, 2], "texture": "#2"},
				"south": {"uv": [1, 0, 2, 1], "texture": "#2"},
				"west": {"uv": [1, 1, 2, 2], "texture": "#2"},
				"up": {"uv": [1, 3, 0, 2], "texture": "#2"},
				"down": {"uv": [3, 0, 2, 1], "texture": "#2"}
			}
		},
		{
			"from": [9, 3, 1],
			"to": [10, 4, 2],
			"faces": {
				"north": {"uv": [0, 0, 1, 1], "texture": "#2"},
				"east": {"uv": [0, 1, 1, 2], "texture": "#2"},
				"south": {"uv": [1, 0, 2, 1], "texture": "#2"},
				"west": {"uv": [1, 1, 2, 2], "texture": "#2"},
				"up": {"uv": [1, 3, 0, 2], "texture": "#2"},
				"down": {"uv": [3, 0, 2, 1], "texture": "#2"}
			}
		},
		{
			"from": [7, 6, 1],
			"to": [8, 7, 2],
			"faces": {
				"north": {"uv": [0, 0, 1, 1], "texture": "#2"},
				"east": {"uv": [0, 1, 1, 2], "texture": "#2"},
				"south": {"uv": [1, 0, 2, 1], "texture": "#2"},
				"west": {"uv": [1, 1, 2, 2], "texture": "#2"},
				"up": {"uv": [1, 3, 0, 2], "texture": "#2"},
				"down": {"uv": [3, 0, 2, 1], "texture": "#2"}
			}
		},
		{
			"from": [6, 7, 1],
			"to": [7, 8, 2],
			"faces": {
				"north": {"uv": [0, 0, 1, 1], "texture": "#2"},
				"east": {"uv": [0, 1, 1, 2], "texture": "#2"},
				"south": {"uv": [1, 0, 2, 1], "texture": "#2"},
				"west": {"uv": [1, 1, 2, 2], "texture": "#2"},
				"up": {"uv": [1, 3, 0, 2], "texture": "#2"},
				"down": {"uv": [3, 0, 2, 1], "texture": "#2"}
			}
		},
		{
			"from": [5, 8, 1],
			"to": [6, 9, 2],
			"faces": {
				"north": {"uv": [0, 0, 1, 1], "texture": "#12"},
				"east": {"uv": [0, 1, 1, 2], "texture": "#12"},
				"south": {"uv": [1, 0, 2, 1], "texture": "#12"},
				"west": {"uv": [1, 1, 2, 2], "texture": "#12"},
				"up": {"uv": [1, 3, 0, 2], "texture": "#12"},
				"down": {"uv": [3, 0, 2, 1], "texture": "#12"}
			}
		},
		{
			"from": [4, 9, 1],
			"to": [5, 10, 2],
			"faces": {
				"north": {"uv": [0, 0, 1, 1], "texture": "#12"},
				"east": {"uv": [0, 1, 1, 2], "texture": "#12"},
				"south": {"uv": [1, 0, 2, 1], "texture": "#12"},
				"west": {"uv": [1, 1, 2, 2], "texture": "#12"},
				"up": {"uv": [1, 3, 0, 2], "texture": "#12"},
				"down": {"uv": [3, 0, 2, 1], "texture": "#12"}
			}
		},
		{
			"from": [3, 10, 1],
			"to": [4, 11, 2],
			"faces": {
				"north": {"uv": [0, 0, 1, 1], "texture": "#12"},
				"east": {"uv": [0, 1, 1, 2], "texture": "#12"},
				"south": {"uv": [1, 0, 2, 1], "texture": "#12"},
				"west": {"uv": [1, 1, 2, 2], "texture": "#12"},
				"up": {"uv": [1, 3, 0, 2], "texture": "#12"},
				"down": {"uv": [3, 0, 2, 1], "texture": "#12"}
			}
		},
		{
			"from": [2, 11, 1],
			"to": [3, 12, 2],
			"faces": {
				"north": {"uv": [0, 0, 1, 1], "texture": "#12"},
				"east": {"uv": [0, 1, 1, 2], "texture": "#12"},
				"south": {"uv": [1, 0, 2, 1], "texture": "#12"},
				"west": {"uv": [1, 1, 2, 2], "texture": "#12"},
				"up": {"uv": [1, 3, 0, 2], "texture": "#12"},
				"down": {"uv": [3, 0, 2, 1], "texture": "#12"}
			}
		},
		{
			"from": [1, 12, 1],
			"to": [2, 13, 2],
			"faces": {
				"north": {"uv": [0, 0, 1, 1], "texture": "#12"},
				"east": {"uv": [0, 1, 1, 2], "texture": "#12"},
				"south": {"uv": [1, 0, 2, 1], "texture": "#12"},
				"west": {"uv": [1, 1, 2, 2], "texture": "#12"},
				"up": {"uv": [1, 3, 0, 2], "texture": "#12"},
				"down": {"uv": [3, 0, 2, 1], "texture": "#12"}
			}
		},
		{
			"from": [0, 13, 1],
			"to": [1, 14, 2],
			"faces": {
				"north": {"uv": [0, 0, 1, 1], "texture": "#12"},
				"east": {"uv": [0, 1, 1, 2], "texture": "#12"},
				"south": {"uv": [1, 0, 2, 1], "texture": "#12"},
				"west": {"uv": [1, 1, 2, 2], "texture": "#12"},
				"up": {"uv": [1, 3, 0, 2], "texture": "#12"},
				"down": {"uv": [3, 0, 2, 1], "texture": "#12"}
			}
		},
		{
			"from": [0, 15, 1],
			"to": [1, 16, 2],
			"faces": {
				"north": {"uv": [0, 0, 1, 1], "texture": "#2"},
				"east": {"uv": [0, 1, 1, 2], "texture": "#2"},
				"south": {"uv": [1, 0, 2, 1], "texture": "#2"},
				"west": {"uv": [1, 1, 2, 2], "texture": "#2"},
				"up": {"uv": [1, 3, 0, 2], "texture": "#2"},
				"down": {"uv": [3, 0, 2, 1], "texture": "#2"}
			}
		},
		{
			"from": [0, 14, 1],
			"to": [1, 15, 2],
			"faces": {
				"north": {"uv": [0, 0, 1, 1], "texture": "#2"},
				"east": {"uv": [0, 1, 1, 2], "texture": "#2"},
				"south": {"uv": [1, 0, 2, 1], "texture": "#2"},
				"west": {"uv": [1, 1, 2, 2], "texture": "#2"},
				"up": {"uv": [1, 3, 0, 2], "texture": "#2"},
				"down": {"uv": [3, 0, 2, 1], "texture": "#2"}
			}
		},
		{
			"from": [14, 0, 1],
			"to": [15, 1, 2],
			"faces": {
				"north": {"uv": [0, 0, 1, 1], "texture": "#2"},
				"east": {"uv": [0, 1, 1, 2], "texture": "#2"},
				"south": {"uv": [1, 0, 2, 1], "texture": "#2"},
				"west": {"uv": [1, 1, 2, 2], "texture": "#2"},
				"up": {"uv": [1, 3, 0, 2], "texture": "#2"},
				"down": {"uv": [3, 0, 2, 1], "texture": "#2"}
			}
		},
		{
			"from": [15, 0, 1],
			"to": [16, 1, 2],
			"faces": {
				"north": {"uv": [0, 0, 1, 1], "texture": "#1"},
				"east": {"uv": [0, 1, 1, 2], "texture": "#1"},
				"south": {"uv": [1, 0, 2, 1], "texture": "#1"},
				"west": {"uv": [1, 1, 2, 2], "texture": "#1"},
				"up": {"uv": [1, 3, 0, 2], "texture": "#1"},
				"down": {"uv": [3, 0, 2, 1], "texture": "#1"}
			}
		},
		{
			"from": [15, 1, 1],
			"to": [16, 2, 2],
			"faces": {
				"north": {"uv": [0, 0, 1, 1], "texture": "#1"},
				"east": {"uv": [0, 1, 1, 2], "texture": "#1"},
				"south": {"uv": [1, 0, 2, 1], "texture": "#1"},
				"west": {"uv": [1, 1, 2, 2], "texture": "#1"},
				"up": {"uv": [1, 3, 0, 2], "texture": "#1"},
				"down": {"uv": [3, 0, 2, 1], "texture": "#1"}
			}
		},
		{
			"from": [15, 2, 1],
			"to": [16, 3, 2],
			"faces": {
				"north": {"uv": [0, 0, 1, 1], "texture": "#1"},
				"east": {"uv": [0, 1, 1, 2], "texture": "#1"},
				"south": {"uv": [1, 0, 2, 1], "texture": "#1"},
				"west": {"uv": [1, 1, 2, 2], "texture": "#1"},
				"up": {"uv": [1, 3, 0, 2], "texture": "#1"},
				"down": {"uv": [3, 0, 2, 1], "texture": "#1"}
			}
		},
		{
			"from": [14, 2, 1],
			"to": [15, 3, 2],
			"faces": {
				"north": {"uv": [0, 0, 1, 1], "texture": "#1"},
				"east": {"uv": [0, 1, 1, 2], "texture": "#1"},
				"south": {"uv": [1, 0, 2, 1], "texture": "#1"},
				"west": {"uv": [1, 1, 2, 2], "texture": "#1"},
				"up": {"uv": [1, 3, 0, 2], "texture": "#1"},
				"down": {"uv": [3, 0, 2, 1], "texture": "#1"}
			}
		},
		{
			"from": [8, 5, 1],
			"to": [9, 6, 2],
			"faces": {
				"north": {"uv": [0, 0, 1, 1], "texture": "#1"},
				"east": {"uv": [0, 1, 1, 2], "texture": "#1"},
				"south": {"uv": [1, 0, 2, 1], "texture": "#1"},
				"west": {"uv": [1, 1, 2, 2], "texture": "#1"},
				"up": {"uv": [1, 3, 0, 2], "texture": "#1"},
				"down": {"uv": [3, 0, 2, 1], "texture": "#1"}
			}
		},
		{
			"from": [11, 5, 1],
			"to": [12, 6, 2],
			"faces": {
				"north": {"uv": [0, 0, 1, 1], "texture": "#1"},
				"east": {"uv": [0, 1, 1, 2], "texture": "#1"},
				"south": {"uv": [1, 0, 2, 1], "texture": "#1"},
				"west": {"uv": [1, 1, 2, 2], "texture": "#1"},
				"up": {"uv": [1, 3, 0, 2], "texture": "#1"},
				"down": {"uv": [3, 0, 2, 1], "texture": "#1"}
			}
		},
		{
			"from": [12, 6, 1],
			"to": [13, 7, 2],
			"faces": {
				"north": {"uv": [0, 0, 1, 1], "texture": "#1"},
				"east": {"uv": [0, 1, 1, 2], "texture": "#1"},
				"south": {"uv": [1, 0, 2, 1], "texture": "#1"},
				"west": {"uv": [1, 1, 2, 2], "texture": "#1"},
				"up": {"uv": [1, 3, 0, 2], "texture": "#1"},
				"down": {"uv": [3, 0, 2, 1], "texture": "#1"}
			}
		},
		{
			"from": [12, 7, 1],
			"to": [13, 8, 2],
			"faces": {
				"north": {"uv": [0, 0, 1, 1], "texture": "#1"},
				"east": {"uv": [0, 1, 1, 2], "texture": "#1"},
				"south": {"uv": [1, 0, 2, 1], "texture": "#1"},
				"west": {"uv": [1, 1, 2, 2], "texture": "#1"},
				"up": {"uv": [1, 3, 0, 2], "texture": "#1"},
				"down": {"uv": [3, 0, 2, 1], "texture": "#1"}
			}
		},
		{
			"from": [13, 8, 1],
			"to": [14, 9, 2],
			"faces": {
				"north": {"uv": [0, 0, 1, 1], "texture": "#1"},
				"east": {"uv": [0, 1, 1, 2], "texture": "#1"},
				"south": {"uv": [1, 0, 2, 1], "texture": "#1"},
				"west": {"uv": [1, 1, 2, 2], "texture": "#1"},
				"up": {"uv": [1, 3, 0, 2], "texture": "#1"},
				"down": {"uv": [3, 0, 2, 1], "texture": "#1"}
			}
		},
		{
			"from": [13, 9, 1],
			"to": [14, 10, 2],
			"faces": {
				"north": {"uv": [0, 0, 1, 1], "texture": "#1"},
				"east": {"uv": [0, 1, 1, 2], "texture": "#1"},
				"south": {"uv": [1, 0, 2, 1], "texture": "#1"},
				"west": {"uv": [1, 1, 2, 2], "texture": "#1"},
				"up": {"uv": [1, 3, 0, 2], "texture": "#1"},
				"down": {"uv": [3, 0, 2, 1], "texture": "#1"}
			}
		},
		{
			"from": [12, 9, 1],
			"to": [13, 10, 2],
			"faces": {
				"north": {"uv": [0, 0, 1, 1], "texture": "#1"},
				"east": {"uv": [0, 1, 1, 2], "texture": "#1"},
				"south": {"uv": [1, 0, 2, 1], "texture": "#1"},
				"west": {"uv": [1, 1, 2, 2], "texture": "#1"},
				"up": {"uv": [1, 3, 0, 2], "texture": "#1"},
				"down": {"uv": [3, 0, 2, 1], "texture": "#1"}
			}
		},
		{
			"from": [11, 8, 1],
			"to": [12, 9, 2],
			"faces": {
				"north": {"uv": [0, 0, 1, 1], "texture": "#1"},
				"east": {"uv": [0, 1, 1, 2], "texture": "#1"},
				"south": {"uv": [1, 0, 2, 1], "texture": "#1"},
				"west": {"uv": [1, 1, 2, 2], "texture": "#1"},
				"up": {"uv": [1, 3, 0, 2], "texture": "#1"},
				"down": {"uv": [3, 0, 2, 1], "texture": "#1"}
			}
		},
		{
			"from": [10, 7, 1],
			"to": [11, 8, 2],
			"faces": {
				"north": {"uv": [0, 0, 1, 1], "texture": "#1"},
				"east": {"uv": [0, 1, 1, 2], "texture": "#1"},
				"south": {"uv": [1, 0, 2, 1], "texture": "#1"},
				"west": {"uv": [1, 1, 2, 2], "texture": "#1"},
				"up": {"uv": [1, 3, 0, 2], "texture": "#1"},
				"down": {"uv": [3, 0, 2, 1], "texture": "#1"}
			}
		},
		{
			"from": [9, 8, 1],
			"to": [10, 9, 2],
			"faces": {
				"north": {"uv": [0, 0, 1, 1], "texture": "#1"},
				"east": {"uv": [0, 1, 1, 2], "texture": "#1"},
				"south": {"uv": [1, 0, 2, 1], "texture": "#1"},
				"west": {"uv": [1, 1, 2, 2], "texture": "#1"},
				"up": {"uv": [1, 3, 0, 2], "texture": "#1"},
				"down": {"uv": [3, 0, 2, 1], "texture": "#1"}
			}
		},
		{
			"from": [8, 9, 1],
			"to": [9, 10, 2],
			"faces": {
				"north": {"uv": [0, 0, 1, 1], "texture": "#1"},
				"east": {"uv": [0, 1, 1, 2], "texture": "#1"},
				"south": {"uv": [1, 0, 2, 1], "texture": "#1"},
				"west": {"uv": [1, 1, 2, 2], "texture": "#1"},
				"up": {"uv": [1, 3, 0, 2], "texture": "#1"},
				"down": {"uv": [3, 0, 2, 1], "texture": "#1"}
			}
		},
		{
			"from": [7, 10, 1],
			"to": [8, 11, 2],
			"faces": {
				"north": {"uv": [0, 0, 1, 1], "texture": "#1"},
				"east": {"uv": [0, 1, 1, 2], "texture": "#1"},
				"south": {"uv": [1, 0, 2, 1], "texture": "#1"},
				"west": {"uv": [1, 1, 2, 2], "texture": "#1"},
				"up": {"uv": [1, 3, 0, 2], "texture": "#1"},
				"down": {"uv": [3, 0, 2, 1], "texture": "#1"}
			}
		},
		{
			"from": [6, 11, 1],
			"to": [7, 12, 2],
			"faces": {
				"north": {"uv": [0, 0, 1, 1], "texture": "#1"},
				"east": {"uv": [0, 1, 1, 2], "texture": "#1"},
				"south": {"uv": [1, 0, 2, 1], "texture": "#1"},
				"west": {"uv": [1, 1, 2, 2], "texture": "#1"},
				"up": {"uv": [1, 3, 0, 2], "texture": "#1"},
				"down": {"uv": [3, 0, 2, 1], "texture": "#1"}
			}
		},
		{
			"from": [5, 12, 1],
			"to": [6, 13, 2],
			"faces": {
				"north": {"uv": [0, 0, 1, 1], "texture": "#1"},
				"east": {"uv": [0, 1, 1, 2], "texture": "#1"},
				"south": {"uv": [1, 0, 2, 1], "texture": "#1"},
				"west": {"uv": [1, 1, 2, 2], "texture": "#1"},
				"up": {"uv": [1, 3, 0, 2], "texture": "#1"},
				"down": {"uv": [3, 0, 2, 1], "texture": "#1"}
			}
		},
		{
			"from": [4, 13, 1],
			"to": [5, 14, 2],
			"faces": {
				"north": {"uv": [0, 0, 1, 1], "texture": "#1"},
				"east": {"uv": [0, 1, 1, 2], "texture": "#1"},
				"south": {"uv": [1, 0, 2, 1], "texture": "#1"},
				"west": {"uv": [1, 1, 2, 2], "texture": "#1"},
				"up": {"uv": [1, 3, 0, 2], "texture": "#1"},
				"down": {"uv": [3, 0, 2, 1], "texture": "#1"}
			}
		},
		{
			"from": [3, 14, 1],
			"to": [4, 15, 2],
			"faces": {
				"north": {"uv": [0, 0, 1, 1], "texture": "#1"},
				"east": {"uv": [0, 1, 1, 2], "texture": "#1"},
				"south": {"uv": [1, 0, 2, 1], "texture": "#1"},
				"west": {"uv": [1, 1, 2, 2], "texture": "#1"},
				"up": {"uv": [1, 3, 0, 2], "texture": "#1"},
				"down": {"uv": [3, 0, 2, 1], "texture": "#1"}
			}
		},
		{
			"from": [2, 15, 1],
			"to": [3, 16, 2],
			"faces": {
				"north": {"uv": [0, 0, 1, 1], "texture": "#1"},
				"east": {"uv": [0, 1, 1, 2], "texture": "#1"},
				"south": {"uv": [1, 0, 2, 1], "texture": "#1"},
				"west": {"uv": [1, 1, 2, 2], "texture": "#1"},
				"up": {"uv": [1, 3, 0, 2], "texture": "#1"},
				"down": {"uv": [3, 0, 2, 1], "texture": "#1"}
			}
		},
		{
			"from": [1, 15, 1],
			"to": [2, 16, 2],
			"faces": {
				"north": {"uv": [0, 0, 1, 1], "texture": "#1"},
				"east": {"uv": [0, 1, 1, 2], "texture": "#1"},
				"south": {"uv": [1, 0, 2, 1], "texture": "#1"},
				"west": {"uv": [1, 1, 2, 2], "texture": "#1"},
				"up": {"uv": [1, 3, 0, 2], "texture": "#1"},
				"down": {"uv": [3, 0, 2, 1], "texture": "#1"}
			}
		},
		{
			"from": [7, 3, 1],
			"to": [8, 4, 2],
			"faces": {
				"north": {"uv": [0, 0, 1, 1], "texture": "#3"},
				"east": {"uv": [0, 1, 1, 2], "texture": "#3"},
				"south": {"uv": [1, 0, 2, 1], "texture": "#3"},
				"west": {"uv": [1, 1, 2, 2], "texture": "#3"},
				"up": {"uv": [1, 3, 0, 2], "texture": "#3"},
				"down": {"uv": [3, 0, 2, 1], "texture": "#3"}
			}
		},
		{
			"from": [10, 5, 1],
			"to": [11, 6, 2],
			"faces": {
				"north": {"uv": [0, 0, 1, 1], "texture": "#3"},
				"east": {"uv": [0, 1, 1, 2], "texture": "#3"},
				"south": {"uv": [1, 0, 2, 1], "texture": "#3"},
				"west": {"uv": [1, 1, 2, 2], "texture": "#3"},
				"up": {"uv": [1, 3, 0, 2], "texture": "#3"},
				"down": {"uv": [3, 0, 2, 1], "texture": "#3"}
			}
		},
		{
			"from": [14, 1, 1],
			"to": [15, 2, 2],
			"faces": {
				"north": {"uv": [0, 0, 1, 1], "texture": "#3"},
				"east": {"uv": [0, 1, 1, 2], "texture": "#3"},
				"south": {"uv": [1, 0, 2, 1], "texture": "#3"},
				"west": {"uv": [1, 1, 2, 2], "texture": "#3"},
				"up": {"uv": [1, 3, 0, 2], "texture": "#3"},
				"down": {"uv": [3, 0, 2, 1], "texture": "#3"}
			}
		},
		{
			"from": [9, 6, 1],
			"to": [10, 7, 2],
			"faces": {
				"north": {"uv": [0, 0, 1, 1], "texture": "#3"},
				"east": {"uv": [0, 1, 1, 2], "texture": "#3"},
				"south": {"uv": [1, 0, 2, 1], "texture": "#3"},
				"west": {"uv": [1, 1, 2, 2], "texture": "#3"},
				"up": {"uv": [1, 3, 0, 2], "texture": "#3"},
				"down": {"uv": [3, 0, 2, 1], "texture": "#3"}
			}
		},
		{
			"from": [13, 2, 1],
			"to": [14, 3, 2],
			"faces": {
				"north": {"uv": [0, 0, 1, 1], "texture": "#5"},
				"east": {"uv": [0, 1, 1, 2], "texture": "#5"},
				"south": {"uv": [1, 0, 2, 1], "texture": "#5"},
				"west": {"uv": [1, 1, 2, 2], "texture": "#5"},
				"up": {"uv": [1, 3, 0, 2], "texture": "#5"},
				"down": {"uv": [3, 0, 2, 1], "texture": "#5"}
			}
		},
		{
			"from": [11, 4, 1],
			"to": [12, 5, 2],
			"faces": {
				"north": {"uv": [0, 0, 1, 1], "texture": "#5"},
				"east": {"uv": [0, 1, 1, 2], "texture": "#5"},
				"south": {"uv": [1, 0, 2, 1], "texture": "#5"},
				"west": {"uv": [1, 1, 2, 2], "texture": "#5"},
				"up": {"uv": [1, 3, 0, 2], "texture": "#5"},
				"down": {"uv": [3, 0, 2, 1], "texture": "#5"}
			}
		},
		{
			"from": [11, 3, 1],
			"to": [12, 4, 2],
			"faces": {
				"north": {"uv": [0, 0, 1, 1], "texture": "#7"},
				"east": {"uv": [0, 1, 1, 2], "texture": "#7"},
				"south": {"uv": [1, 0, 2, 1], "texture": "#7"},
				"west": {"uv": [1, 1, 2, 2], "texture": "#7"},
				"up": {"uv": [1, 3, 0, 2], "texture": "#7"},
				"down": {"uv": [3, 0, 2, 1], "texture": "#7"}
			}
		},
		{
			"from": [12, 2, 1],
			"to": [13, 3, 2],
			"faces": {
				"north": {"uv": [0, 0, 1, 1], "texture": "#7"},
				"east": {"uv": [0, 1, 1, 2], "texture": "#7"},
				"south": {"uv": [1, 0, 2, 1], "texture": "#7"},
				"west": {"uv": [1, 1, 2, 2], "texture": "#7"},
				"up": {"uv": [1, 3, 0, 2], "texture": "#7"},
				"down": {"uv": [3, 0, 2, 1], "texture": "#7"}
			}
		},
		{
			"from": [-9, 5, 1],
			"to": [-8, 10, 2],
			"rotation": {"angle": -45, "axis": "z", "origin": [0, 0, 0]},
			"faces": {
				"north": {"uv": [0, 0, 1, 5], "texture": "#12"},
				"east": {"uv": [1, 0, 2, 5], "texture": "#12"},
				"south": {"uv": [2, 0, 3, 5], "texture": "#12"},
				"west": {"uv": [3, 0, 4, 5], "texture": "#12"},
				"up": {"uv": [5, 1, 4, 0], "texture": "#12"},
				"down": {"uv": [5, 1, 4, 2], "texture": "#12"}
			}
		},
		{
			"from": [-9, 3, 1],
			"to": [-8, 4, 2],
			"rotation": {"angle": -45, "axis": "z", "origin": [0, 0, 0]},
			"faces": {
				"north": {"uv": [0, 0, 1, 1], "texture": "#12"},
				"east": {"uv": [0, 0, 1, 1], "texture": "#12"},
				"south": {"uv": [0, 0, 1, 1], "texture": "#12"},
				"west": {"uv": [0, 0, 1, 1], "texture": "#12"},
				"up": {"uv": [0, 0, 1, 1], "texture": "#12"},
				"down": {"uv": [0, 0, 1, 1], "texture": "#12"}
			}
		},
		{
			"from": [-5, 4, 1],
			"to": [-4, 5, 2],
			"rotation": {"angle": -45, "axis": "z", "origin": [0, 0, 0]},
			"faces": {
				"north": {"uv": [0, 0, 1, 1], "texture": "#12"},
				"east": {"uv": [0, 0, 1, 1], "texture": "#12"},
				"south": {"uv": [0, 0, 1, 1], "texture": "#12"},
				"west": {"uv": [0, 0, 1, 1], "texture": "#12"},
				"up": {"uv": [0, 0, 1, 1], "texture": "#12"},
				"down": {"uv": [0, 0, 1, 1], "texture": "#12"}
			}
		},
		{
			"from": [-7, 2, 1],
			"to": [-6, 10, 2],
			"rotation": {"angle": -45, "axis": "z", "origin": [0, 0, 0]},
			"faces": {
				"north": {"uv": [0, 0, 1, 8], "texture": "#12"},
				"east": {"uv": [0, 0, 1, 8], "texture": "#12"},
				"south": {"uv": [0, 0, 1, 8], "texture": "#12"},
				"west": {"uv": [0, 0, 1, 8], "texture": "#12"},
				"up": {"uv": [0, 0, 1, 1], "texture": "#12"},
				"down": {"uv": [0, 0, 1, 1], "texture": "#12"}
			}
		},
		{
			"from": [-8, 8, 1],
			"to": [-7, 10, 2],
			"rotation": {"angle": -45, "axis": "z", "origin": [0, 0, 0]},
			"faces": {
				"north": {"uv": [0, 0, 1, 2], "texture": "#12"},
				"east": {"uv": [0, 0, 1, 2], "texture": "#12"},
				"south": {"uv": [0, 0, 1, 2], "texture": "#12"},
				"west": {"uv": [0, 0, 1, 2], "texture": "#12"},
				"up": {"uv": [0, 0, 1, 1], "texture": "#12"},
				"down": {"uv": [0, 0, 1, 1], "texture": "#12"}
			}
		},
		{
			"from": [-3, 8, 1],
			"to": [-2, 10, 2],
			"rotation": {"angle": -45, "axis": "z", "origin": [0, 0, 0]},
			"faces": {
				"north": {"uv": [0, 0, 1, 2], "texture": "#12"},
				"east": {"uv": [0, 0, 1, 2], "texture": "#12"},
				"south": {"uv": [0, 0, 1, 2], "texture": "#12"},
				"west": {"uv": [0, 0, 1, 2], "texture": "#12"},
				"up": {"uv": [0, 0, 1, 1], "texture": "#12"},
				"down": {"uv": [0, 0, 1, 1], "texture": "#12"}
			}
		},
		{
			"from": [-6, 7, 1],
			"to": [-5, 10, 2],
			"rotation": {"angle": -45, "axis": "z", "origin": [0, 0, 0]},
			"faces": {
				"north": {"uv": [0, 0, 1, 3], "texture": "#12"},
				"east": {"uv": [0, 0, 1, 3], "texture": "#12"},
				"south": {"uv": [0, 0, 1, 3], "texture": "#12"},
				"west": {"uv": [0, 0, 1, 3], "texture": "#12"},
				"up": {"uv": [0, 0, 1, 1], "texture": "#12"},
				"down": {"uv": [0, 0, 1, 1], "texture": "#12"}
			}
		},
		{
			"from": [-5, 6, 1],
			"to": [-4, 10, 2],
			"rotation": {"angle": -45, "axis": "z", "origin": [0, 0, 0]},
			"faces": {
				"north": {"uv": [0, 0, 1, 4], "texture": "#12"},
				"east": {"uv": [0, 0, 1, 4], "texture": "#12"},
				"south": {"uv": [0, 0, 1, 4], "texture": "#12"},
				"west": {"uv": [0, 0, 1, 4], "texture": "#12"},
				"up": {"uv": [0, 0, 1, 1], "texture": "#12"},
				"down": {"uv": [0, 0, 1, 1], "texture": "#12"}
			}
		}
	],
	"display": {
		"thirdperson_righthand": {
			"rotation": [0, -90, -45],
			"translation": [-7.5, 4.25, 2.25]
		},
		"thirdperson_lefthand": {
			"rotation": [0, 90, 45],
			"translation": [5.5, 4.25, 2.25]
		},
		"firstperson_righthand": {
			"rotation": [0, -107, -29],
			"translation": [-4.5, 7, -1.5]
		},
		"firstperson_lefthand": {
			"rotation": [0, 107, 29],
			"translation": [6.75, 7, -2.25]
		},
		"ground": {
			"translation": [1, 2.25, 3.25],
			"scale": [0.51, 0.51, 0.51]
		},
		"gui": {
			"rotation": [0, 0, -8],
			"translation": [1.75, 0, 0],
			"scale": [0.75, 0.75, 0.75]
		},
		"head": {
			"rotation": [0, -180, 58],
			"translation": [-13.5, 4, -10.5]
		},
		"fixed": {
			"rotation": [0, -180, 0],
			"translation": [-0.5, 0.5, -7]
		}
	}
}