{
	"credit": "Made with Blockbench",
	"textures": {
		"0": "blockbench/book_texture_1",
		"1": "blockbench/book_texture_2",
		"particle": "blockbench/book_texture_1"
	},
	"elements": [
		{
			"from": [4, 0, 4],
			"to": [12, 5, 12],
			"faces": {
				"north": {"uv": [4, 0, 8, 2.5], "texture": "#0"},
				"east": {"uv": [4, 2.5, 8, 5], "texture": "#0"},
				"south": {"uv": [4, 5, 8, 7.5], "texture": "#0"},
				"west": {"uv": [4, 7.5, 8, 10], "texture": "#0"},
				"up": {"uv": [4, 4, 0, 0], "texture": "#0"},
				"down": {"uv": [4, 4, 0, 8], "texture": "#0"}
			}
		},
		{
			"from": [4, 2, 4],
			"to": [12, 2, 12],
			"faces": {
				"north": {"uv": [0, 0, 8, 0], "texture": "#1"},
				"east": {"uv": [0, 0, 8, 0], "texture": "#1"},
				"south": {"uv": [0, 0, 8, 0], "texture": "#1"},
				"west": {"uv": [0, 0, 8, 0], "texture": "#1"},
				"up": {"uv": [8, 8, 0, 0], "texture": "#1"},
				"down": {"uv": [8, 8, 0, 16], "texture": "#1"}
			}
		}
	],
	"display": {
		"thirdperson_righthand": {
			"rotation": [0, 30, 0],
			"translation": [-1.25, 2.75, 1.75],
			"scale": [0.56, 0.56, 0.56]
		},
		"thirdperson_lefthand": {
			"rotation": [0, 30, 0],
			"translation": [-1.75, 2.75, 1.75],
			"scale": [0.56, 0.56, 0.56]
		},
		"firstperson_righthand": {
			"translation": [-2, 8.5, -1.5]
		},
		"firstperson_lefthand": {
			"translation": [-2, 8.5, -1.5]
		},
		"ground": {
			"translation": [0, 2.75, 0],
			"scale": [0.66, 0.66, 0.65]
		},
		"gui": {
			"rotation": [27, 24, 0],
			"translation": [0, 4.25, 0],
			"scale": [1.25, 1.25, 1.25]
		},
		"head": {
			"translation": [0, 14, 0],
			"scale": [1.81, 1.81, 1.81]
		},
		"fixed": {
			"rotation": [-90, 22, 0],
			"translation": [0, 0, -13.25],
			"scale": [2.15, 2.15, 2.15]
		}
	}
}