{
	"credit": "Made with Blockbench",
	"texture_size": [32, 32],
	"textures": {
		"1": "blockbench/cowboy_hat_texture_2",
		"2": "blockbench/cowboy_hat_texture_3",
		"3": "blockbench/cowboy_hat_texture_1",
		"4": "blockbench/cowboy_hat_texture_4",
		"particle": "blockbench/cowboy_hat_texture_1"
	},
	"elements": [
		{
			"from": [0, 0, -1],
			"to": [16, 4, 15],
			"faces": {
				"north": {"uv": [8, 0, 16, 2], "texture": "#4"},
				"east": {"uv": [8, 2, 16, 4], "texture": "#4"},
				"south": {"uv": [8, 4, 16, 6], "texture": "#4"},
				"west": {"uv": [8, 6, 16, 8], "texture": "#4"},
				"up": {"uv": [8, 8, 0, 0], "texture": "#4"},
				"down": {"uv": [8, 8, 0, 16], "texture": "#4"}
			}
		},
		{
			"from": [0, 0, -1],
			"to": [16, 0, 15],
			"faces": {
				"north": {"uv": [0, 0, 8, 0], "texture": "#3"},
				"east": {"uv": [0, 0, 8, 0], "texture": "#3"},
				"south": {"uv": [0, 0, 8, 0], "texture": "#3"},
				"west": {"uv": [0, 0, 8, 0], "texture": "#3"},
				"up": {"uv": [8, 8, 0, 0], "texture": "#3"},
				"down": {"uv": [8, 8, 0, 16], "texture": "#3"}
			}
		},
		{
			"from": [3.8, -0.1, 3.8],
			"to": [12.2, 5.1, 12.2],
			"faces": {
				"north": {"uv": [4, 0, 8, 2.5], "texture": "#1"},
				"east": {"uv": [4, 2.5, 8, 5], "texture": "#1"},
				"south": {"uv": [4, 5, 8, 7.5], "texture": "#1"},
				"west": {"uv": [4, 7.5, 8, 10], "texture": "#1"},
				"up": {"uv": [4, 4, 0, 0], "texture": "#1"},
				"down": {"uv": [4, 4, 0, 8], "texture": "#1"}
			}
		},
		{
			"from": [4, 0, 4],
			"to": [12, 5, 12],
			"faces": {
				"north": {"uv": [4, 0, 8, 2.5], "texture": "#2"},
				"east": {"uv": [4, 2.5, 8, 5], "texture": "#2"},
				"south": {"uv": [4, 5, 8, 7.5], "texture": "#2"},
				"west": {"uv": [4, 7.5, 8, 10], "texture": "#2"},
				"up": {"uv": [4, 4, 0, 0], "texture": "#2"},
				"down": {"uv": [4, 4, 0, 8], "texture": "#2"}
			}
		}
	],
	"display": {
		"thirdperson_righthand": {
			"rotation": [0, 33, 0],
			"translation": [0, 3, 0],
			"scale": [0.53, 0.53, 0.53]
		},
		"thirdperson_lefthand": {
			"rotation": [0, 33, 0],
			"translation": [0, 3, 0],
			"scale": [0.53, 0.53, 0.53]
		},
		"firstperson_righthand": {
			"rotation": [0, -168, 0],
			"translation": [0.5, 8.75, -3]
		},
		"firstperson_lefthand": {
			"rotation": [0, -168, 0],
			"translation": [0.5, 8.75, -3]
		},
		"ground": {
			"translation": [0, 3.25, 0],
			"scale": [0.48, 0.48, 0.48]
		},
		"gui": {
			"rotation": [28, -151, 0],
			"translation": [0, 3.75, 0],
			"scale": [0.79, 0.79, 0.79]
		},
		"head": {
			"translation": [0, 16.25, 0],
			"scale": [1.81, 1.81, 1.81]
		},
		"fixed": {
			"translation": [0, 5.5, 0]
		}
	}
}