{
	"credit": "Made with Blockbench",
	"textures": {
		"0": "blockbench/enchanted_book_texture_1",
		"1": "blockbench/enchanted_book_texture_2",
		"particle": "blockbench/enchanted_book_texture_1"
	},
	"elements": [
		{
			"from": [4, 2, 4],
			"to": [12, 2, 12],
			"faces": {
				"north": {"uv": [0, 0, 8, 0], "texture": "#1"},
				"east": {"uv": [0, 0, 8, 0], "texture": "#1"},
				"south": {"uv": [0, 0, 8, 0], "texture": "#1"},
				"west": {"uv": [0, 0, 8, 0], "texture": "#1"},
				"up": {"uv": [8, 8, 0, 0], "texture": "#1"},
				"down": {"uv": [8, 8, 0, 16], "texture": "#1"}
			}
		},
		{
			"from": [4, 0, 4],
			"to": [12, 5, 12],
			"faces": {
				"north": {"uv": [4, 0, 8, 2.5], "texture": "#0"},
				"east": {"uv": [4, 2.5, 8, 5], "texture": "#0"},
				"south": {"uv": [4, 5, 8, 7.5], "texture": "#0"},
				"west": {"uv": [4, 7.5, 8, 10], "texture": "#0"},
				"up": {"uv": [4, 4, 0, 0], "texture": "#0"},
				"down": {"uv": [4, 4, 0, 8], "texture": "#0"}
			}
		}
	],
	"display": {
		"thirdperson_righthand": {
			"rotation": [0, 33, 0],
			"translation": [0, 2.5, 0],
			"scale": [0.63, 0.63, 0.63]
		},
		"thirdperson_lefthand": {
			"rotation": [0, 33, 0],
			"translation": [0, 2.5, 0],
			"scale": [0.63, 0.63, 0.63]
		},
		"firstperson_righthand": {
			"translation": [-3.25, 9.25, 0]
		},
		"firstperson_lefthand": {
			"rotation": [0, -180, 0],
			"translation": [-3.25, 9.25, 0]
		},
		"ground": {
			"translation": [0, 3.5, 0],
			"scale": [0.59, 0.59, 0.59]
		},
		"gui": {
			"rotation": [22, 24, 0],
			"translation": [0, 4, 0],
			"scale": [1.14, 1.14, 1.14]
		},
		"head": {
			"translation": [0, 15.75, 0],
			"scale": [1.81, 1.81, 1.81]
		},
		"fixed": {
			"rotation": [-90, -24, 0],
			"translation": [0, 0, -13.75],
			"scale": [2.25, 2.25, 2.25]
		}
	}
}