{
	"credit": "Made with Blockbench",
	"texture_size": [32, 32],
	"textures": {
		"0": "blockbench/error_hat_texture_1",
		"1": "blockbench/error_hat_texture_2",
		"particle": "blockbench/error_hat_texture_1"
	},
	"elements": [
		{
			"from": [4, 0, 2],
			"to": [12, 1, 12],
			"faces": {
				"north": {"uv": [0, 5.5, 4, 6], "texture": "#1"},
				"east": {"uv": [0, 5, 5, 5.5], "texture": "#1"},
				"south": {"uv": [4, 5.5, 8, 6], "texture": "#1"},
				"west": {"uv": [5, 5, 10, 5.5], "texture": "#1"},
				"up": {"uv": [4, 5, 0, 0], "texture": "#1"},
				"down": {"uv": [8, 0, 4, 5], "texture": "#1"}
			}
		},
		{
			"from": [3.5, 1, 3.5],
			"to": [12.5, 6, 12.5],
			"faces": {
				"north": {"uv": [4.5, 0, 9, 2.5], "texture": "#0"},
				"east": {"uv": [4.5, 2.5, 9, 5], "texture": "#0"},
				"south": {"uv": [4.5, 5, 9, 7.5], "texture": "#0"},
				"west": {"uv": [4.5, 7.5, 9, 10], "texture": "#0"},
				"up": {"uv": [4.5, 4.5, 0, 0], "texture": "#0"},
				"down": {"uv": [4.5, 4.5, 0, 9], "texture": "#0"}
			}
		}
	],
	"display": {
		"thirdperson_righthand": {
			"rotation": [0, 33, 0],
			"translation": [0, 2.25, 0],
			"scale": [0.52, 0.52, 0.52]
		},
		"thirdperson_lefthand": {
			"rotation": [0, 33, 0],
			"translation": [0, 2.25, 0],
			"scale": [0.52, 0.52, 0.52]
		},
		"firstperson_righthand": {
			"translation": [0, 7.5, 0]
		},
		"firstperson_lefthand": {
			"translation": [0, 7.5, 0]
		},
		"ground": {
			"translation": [0, 2.25, 0],
			"scale": [0.42, 0.42, 0.42]
		},
		"gui": {
			"rotation": [32, 128, 0],
			"translation": [0.25, 4, 0]
		},
		"head": {
			"translation": [0, 15.75, 0],
			"scale": [1.7, 1.7, 1.7]
		},
		"fixed": {
			"translation": [0, 5.5, 0]
		}
	}
}