{
	"credit": "Made with Blockbench",
	"textures": {
		"1": "blockbench/fox_hat_texture_2",
		"2": "blockbench/fox_hat_texture_3",
		"3": "blockbench/fox_hat_texture_4",
		"4": "blockbench/fox_hat_texture_5",
		"5": "blockbench/fox_hat_texture_6",
		"6": "blockbench/fox_hat_texture_1",
		"particle": "blockbench/fox_hat_texture_1"
	},
	"elements": [
		{
			"from": [6, -3, 12],
			"to": [10, 4, 14],
			"faces": {
				"north": {"uv": [0, 0, 4, 7], "texture": "#2"},
				"east": {"uv": [0, 7, 2, 14], "texture": "#2"},
				"south": {"uv": [4, 0, 8, 7], "texture": "#2"},
				"west": {"uv": [2, 7, 4, 14], "texture": "#2"},
				"up": {"uv": [8, 9, 4, 7], "texture": "#2"},
				"down": {"uv": [12, 0, 8, 2], "texture": "#2"}
			}
		},
		{
			"from": [3.8, -0.1, 3.8],
			"to": [12.2, 5.1, 12.2],
			"faces": {
				"north": {"uv": [4, 0, 8, 2.5], "texture": "#1"},
				"east": {"uv": [4, 2.5, 8, 5], "texture": "#1"},
				"south": {"uv": [4, 5, 8, 7.5], "texture": "#1"},
				"west": {"uv": [4, 7.5, 8, 10], "texture": "#1"},
				"up": {"uv": [4, 4, 0, 0], "texture": "#1"},
				"down": {"uv": [4, 4, 0, 8], "texture": "#1"}
			}
		},
		{
			"from": [4, 0, 4],
			"to": [12, 5, 12],
			"faces": {
				"north": {"uv": [4, 0, 8, 2.5], "texture": "#5"},
				"east": {"uv": [4, 2.5, 8, 5], "texture": "#5"},
				"south": {"uv": [4, 5, 8, 7.5], "texture": "#5"},
				"west": {"uv": [4, 7.5, 8, 10], "texture": "#5"},
				"up": {"uv": [4, 4, 0, 0], "texture": "#5"},
				"down": {"uv": [4, 4, 0, 8], "texture": "#5"}
			}
		},
		{
			"from": [6, 0, 1],
			"to": [10, 2, 4],
			"faces": {
				"north": {"uv": [4, 0, 8, 2], "texture": "#6"},
				"east": {"uv": [4, 4, 7, 6], "texture": "#6"},
				"south": {"uv": [4, 2, 8, 4], "texture": "#6"},
				"west": {"uv": [0, 6, 3, 8], "texture": "#6"},
				"up": {"uv": [4, 3, 0, 0], "texture": "#6"},
				"down": {"uv": [4, 3, 0, 6], "texture": "#6"}
			}
		},
		{
			"from": [5, 5, 5],
			"to": [7, 7, 7],
			"faces": {
				"north": {"uv": [0, 0, 2, 2], "texture": "#3"},
				"east": {"uv": [0, 2, 2, 4], "texture": "#3"},
				"south": {"uv": [2, 0, 4, 2], "texture": "#3"},
				"west": {"uv": [2, 2, 4, 4], "texture": "#3"},
				"up": {"uv": [2, 6, 0, 4], "texture": "#3"},
				"down": {"uv": [6, 0, 4, 2], "texture": "#3"}
			}
		},
		{
			"from": [9, 5, 5],
			"to": [11, 7, 7],
			"faces": {
				"north": {"uv": [0, 0, 2, 2], "texture": "#4"},
				"east": {"uv": [0, 2, 2, 4], "texture": "#4"},
				"south": {"uv": [2, 0, 4, 2], "texture": "#4"},
				"west": {"uv": [2, 2, 4, 4], "texture": "#4"},
				"up": {"uv": [2, 6, 0, 4], "texture": "#4"},
				"down": {"uv": [6, 0, 4, 2], "texture": "#4"}
			}
		}
	],
	"display": {
		"thirdperson_righthand": {
			"rotation": [0, 33, 0],
			"translation": [0, 3, 0],
			"scale": [0.65, 0.65, 0.65]
		},
		"thirdperson_lefthand": {
			"rotation": [0, 33, 0],
			"translation": [0, 3, 0],
			"scale": [0.65, 0.65, 0.65]
		},
		"firstperson_righthand": {
			"rotation": [0, 125, 0],
			"translation": [0, 10.75, 0]
		},
		"firstperson_lefthand": {
			"rotation": [0, 125, 0],
			"translation": [0, 10.75, 0]
		},
		"ground": {
			"translation": [0, 4, 0],
			"scale": [0.6, 0.6, 0.6]
		},
		"gui": {
			"rotation": [10, 158, 0],
			"translation": [0, 6.5, 0],
			"scale": [1.18, 1.18, 1.18]
		},
		"head": {
			"translation": [0, 16.25, 0],
			"scale": [1.81, 1.81, 1.81]
		},
		"fixed": {
			"translation": [0, 4.75, 0]
		}
	}
}