{
	"credit": "Made with Blockbench",
	"textures": {
		"1": "blockbench/gas_mask_texture_1",
		"2": "blockbench/gas_mask_texture_2",
		"3": "blockbench/gas_mask_texture_3",
		"4": "blockbench/gas_mask_texture_4",
		"5": "blockbench/gas_mask_texture_5",
		"particle": "blockbench/gas_mask_texture_2"
	},
	"elements": [
		{
			"from": [4, 1, 4],
			"to": [12, 8, 12],
			"faces": {
				"north": {"uv": [4, 0, 8, 3.5], "texture": "#1"},
				"east": {"uv": [4, 3.5, 8, 7], "texture": "#1"},
				"south": {"uv": [4, 7, 8, 10.5], "texture": "#1"},
				"west": {"uv": [0, 8, 4, 11.5], "texture": "#1"},
				"up": {"uv": [4, 4, 0, 0], "texture": "#1"},
				"down": {"uv": [4, 4, 0, 8], "texture": "#1"}
			}
		},
		{
			"from": [6, 0, 3],
			"to": [10, 3, 4],
			"faces": {
				"north": {"uv": [0, 0, 4, 3], "texture": "#2"},
				"east": {"uv": [4, 2, 5, 5], "texture": "#2"},
				"south": {"uv": [0, 3, 4, 6], "texture": "#2"},
				"west": {"uv": [5, 2, 6, 5], "texture": "#2"},
				"up": {"uv": [8, 1, 4, 0], "texture": "#2"},
				"down": {"uv": [8, 1, 4, 2], "texture": "#2"}
			}
		},
		{
			"from": [7, 3, 3],
			"to": [9, 4, 4],
			"faces": {
				"north": {"uv": [0, 0, 2, 1], "texture": "#3"},
				"east": {"uv": [2, 1, 3, 2], "texture": "#3"},
				"south": {"uv": [0, 1, 2, 2], "texture": "#3"},
				"west": {"uv": [2, 2, 3, 3], "texture": "#3"},
				"up": {"uv": [2, 3, 0, 2], "texture": "#3"},
				"down": {"uv": [4, 0, 2, 1], "texture": "#3"}
			}
		},
		{
			"from": [7, 0.5, 2],
			"to": [9, 2.5, 3],
			"faces": {
				"north": {"uv": [0, 0, 2, 2], "texture": "#4"},
				"east": {"uv": [2, 0, 3, 2], "texture": "#4"},
				"south": {"uv": [0, 2, 2, 4], "texture": "#4"},
				"west": {"uv": [2, 2, 3, 4], "texture": "#4"},
				"up": {"uv": [5, 1, 3, 0], "texture": "#4"},
				"down": {"uv": [5, 1, 3, 2], "texture": "#4"}
			}
		},
		{
			"from": [9, 0, -1.9],
			"to": [12, 3, -0.9],
			"rotation": {"angle": -22.5, "axis": "y", "origin": [0, 0, 0]},
			"faces": {
				"north": {"uv": [0, 0, 3, 3], "texture": "#5"},
				"east": {"uv": [3, 0, 4, 3], "texture": "#5"},
				"south": {"uv": [0, 3, 3, 6], "texture": "#5"},
				"west": {"uv": [3, 3, 4, 6], "texture": "#5"},
				"up": {"uv": [7, 1, 4, 0], "texture": "#5"},
				"down": {"uv": [7, 1, 4, 2], "texture": "#5"}
			}
		},
		{
			"from": [2.8, 0, 4.2],
			"to": [5.8, 3, 5.2],
			"rotation": {"angle": 22.5, "axis": "y", "origin": [0, 0, 0]},
			"faces": {
				"north": {"uv": [0, 0, 3, 3], "texture": "#5"},
				"east": {"uv": [3, 0, 4, 3], "texture": "#5"},
				"south": {"uv": [0, 3, 3, 6], "texture": "#5"},
				"west": {"uv": [3, 3, 4, 6], "texture": "#5"},
				"up": {"uv": [4, 0, 7, 1], "texture": "#5"},
				"down": {"uv": [4, 1, 7, 2], "texture": "#5"}
			}
		}
	],
	"display": {
		"thirdperson_righthand": {
			"rotation": [0, 33, 0],
			"translation": [0, 1.75, 1.5],
			"scale": [0.74, 0.74, 0.74]
		},
		"thirdperson_lefthand": {
			"rotation": [0, 33, 0],
			"translation": [0, 1.75, 1.5],
			"scale": [0.74, 0.74, 0.74]
		},
		"firstperson_righthand": {
			"rotation": [0, 135, 0],
			"translation": [1, 9.25, -2]
		},
		"firstperson_lefthand": {
			"rotation": [0, 135, 0],
			"translation": [1, 9.25, -2]
		},
		"ground": {
			"translation": [0, 3.25, 0],
			"scale": [0.52, 0.52, 0.52]
		},
		"gui": {
			"rotation": [24, 150, 0],
			"translation": [0.5, 5.75, 0],
			"scale": [1.24, 1.24, 1.24]
		},
		"head": {
			"translation": [0, 6.5, -0.5],
			"scale": [1.81, 1.81, 1.81]
		},
		"fixed": {
			"translation": [0, 3.5, 0]
		}
	}
}