{
	"credit": "Made with Blockbench",
	"texture_size": [32, 32],
	"textures": {
		"2": "blockbench/krusty_krab_employee_hat_texture_3",
		"3": "blockbench/krusty_krab_employee_hat_texture_2",
		"4": "blockbench/krusty_krab_employee_hat_texture_1",
		"particle": "blockbench/krusty_krab_employee_hat_texture_1"
	},
	"elements": [
		{
			"from": [5.5, 0, 3],
			"to": [10.5, 1, 10],
			"faces": {
				"north": {"uv": [0, 8, 5, 9], "texture": "#2"},
				"east": {"uv": [0, 7, 7, 8], "texture": "#2"},
				"south": {"uv": [5, 8, 10, 9], "texture": "#2"},
				"west": {"uv": [7, 7, 14, 8], "texture": "#2"},
				"up": {"uv": [5, 7, 0, 0], "texture": "#2"},
				"down": {"uv": [10, 0, 5, 7], "texture": "#2"}
			}
		},
		{
			"from": [5.5, 6, 5],
			"to": [10.5, 16, 10],
			"faces": {
				"north": {"uv": [0, 0, 2.5, 5], "texture": "#4"},
				"east": {"uv": [2.5, 0, 5, 5], "texture": "#4"},
				"south": {"uv": [0, 5, 2.5, 10], "texture": "#4"},
				"west": {"uv": [5, 0, 7.5, 5], "texture": "#4"},
				"up": {"uv": [5, 7.5, 2.5, 5], "texture": "#4"},
				"down": {"uv": [7.5, 5, 5, 7.5], "texture": "#4"}
			}
		},
		{
			"from": [6, 1, 5.5],
			"to": [10, 6, 9.5],
			"faces": {
				"north": {"uv": [0, 0, 4, 5], "texture": "#3"},
				"east": {"uv": [4, 0, 8, 5], "texture": "#3"},
				"south": {"uv": [0, 5, 4, 10], "texture": "#3"},
				"west": {"uv": [4, 5, 8, 10], "texture": "#3"},
				"up": {"uv": [12, 4, 8, 0], "texture": "#3"},
				"down": {"uv": [12, 4, 8, 8], "texture": "#3"}
			}
		}
	],
	"display": {
		"thirdperson_righthand": {
			"rotation": [0, 33, 0],
			"translation": [0, 2.75, 1],
			"scale": [0.43, 0.43, 0.43]
		},
		"thirdperson_lefthand": {
			"rotation": [0, 33, 0],
			"translation": [0, 2.75, 1],
			"scale": [0.43, 0.43, 0.43]
		},
		"firstperson_righthand": {
			"rotation": [0, 115, 0],
			"translation": [1, 4.5, 0.25],
			"scale": [0.54, 0.54, 0.54]
		},
		"firstperson_lefthand": {
			"rotation": [0, 115, 0],
			"translation": [1, 4.5, 0.25],
			"scale": [0.54, 0.54, 0.54]
		},
		"ground": {
			"translation": [0, 2, 0],
			"scale": [0.37, 0.37, 0.37]
		},
		"gui": {
			"rotation": [28, 143, 0],
			"translation": [0.5, 0.5, 0],
			"scale": [0.75, 0.75, 0.75]
		},
		"head": {
			"translation": [0, 12.5, 0],
			"scale": [1, 0.75, 1]
		}
	}
}