{
	"credit": "Made with Blockbench",
	"textures": {
		"0": "blockbench/Mario_cap_texture_1",
		"1": "blockbench/mario_cap_texture_2",
		"2": "blockbench/mario_cap_texture_3",
		"3": "blockbench/mario_cap_texture_4",
		"4": "blockbench/mario_cap_texture_5",
		"5": "blockbench/mario_cap_texture_6",
		"particle": "blockbench/Mario_cap_texture_1"
	},
	"elements": [
		{
			"from": [4, 0, 3],
			"to": [12, 1, 12],
			"faces": {
				"north": {"uv": [0, 5, 4, 5.5], "texture": "#4"},
				"east": {"uv": [0, 4.5, 4.5, 5], "texture": "#4"},
				"south": {"uv": [4, 5, 8, 5.5], "texture": "#4"},
				"west": {"uv": [4.5, 4.5, 9, 5], "texture": "#4"},
				"up": {"uv": [4, 4.5, 0, 0], "texture": "#4"},
				"down": {"uv": [8, 0, 4, 4.5], "texture": "#4"}
			}
		},
		{
			"from": [5, 0, 2],
			"to": [11, 1, 3],
			"faces": {
				"north": {"uv": [0, 0, 6, 1], "texture": "#5"},
				"east": {"uv": [0, 4, 1, 5], "texture": "#5"},
				"south": {"uv": [0, 1, 6, 2], "texture": "#5"},
				"west": {"uv": [1, 4, 2, 5], "texture": "#5"},
				"up": {"uv": [6, 3, 0, 2], "texture": "#5"},
				"down": {"uv": [6, 3, 0, 4], "texture": "#5"}
			}
		},
		{
			"from": [4.5, 1, 7],
			"to": [11.5, 4, 12],
			"faces": {
				"north": {"uv": [7, 0, 14, 3], "texture": "#3"},
				"east": {"uv": [7, 6, 12, 9], "texture": "#3"},
				"south": {"uv": [7, 3, 14, 6], "texture": "#3"},
				"west": {"uv": [7, 9, 12, 12], "texture": "#3"},
				"up": {"uv": [7, 5, 0, 0], "texture": "#3"},
				"down": {"uv": [7, 5, 0, 10], "texture": "#3"}
			}
		},
		{
			"from": [4.1, 1, 4],
			"to": [11.9, 4.4, 7],
			"faces": {
				"north": {"uv": [0, 0, 8, 3], "texture": "#1"},
				"east": {"uv": [8, 3, 11, 6], "texture": "#1"},
				"south": {"uv": [0, 3, 8, 6], "texture": "#1"},
				"west": {"uv": [8, 6, 11, 9], "texture": "#1"},
				"up": {"uv": [8, 9, 0, 6], "texture": "#1"},
				"down": {"uv": [16, 0, 8, 3], "texture": "#1"}
			}
		},
		{
			"from": [5, 4.4, 4.5],
			"to": [11, 4.8, 6.5],
			"faces": {
				"north": {"uv": [0, 4, 6, 5], "texture": "#2"},
				"east": {"uv": [0, 6, 2, 7], "texture": "#2"},
				"south": {"uv": [0, 5, 6, 6], "texture": "#2"},
				"west": {"uv": [6, 0, 8, 1], "texture": "#2"},
				"up": {"uv": [6, 2, 0, 0], "texture": "#2"},
				"down": {"uv": [6, 2, 0, 4], "texture": "#2"}
			}
		},
		{
			"from": [6.5, 1.2, 3.99],
			"to": [9.5, 4.2, 3.99],
			"faces": {
				"north": {"uv": [0, 0, 6, 6], "texture": "#0"},
				"east": {"uv": [0, 0, 0, 6], "texture": "#0"},
				"south": {"uv": [0, 6, 6, 12], "texture": "#0"},
				"west": {"uv": [0, 0, 0, 6], "texture": "#0"},
				"up": {"uv": [6, 0, 0, 0], "texture": "#0"},
				"down": {"uv": [6, 0, 0, 0], "texture": "#0"}
			}
		}
	],
	"display": {
		"thirdperson_righthand": {
			"rotation": [0, 33, 0],
			"translation": [-0.5, 5, 1.5],
			"scale": [0.6, 0.6, 0.6]
		},
		"thirdperson_lefthand": {
			"rotation": [0, 33, 0],
			"translation": [-0.5, 5, 1.5],
			"scale": [0.6, 0.6, 0.6]
		},
		"firstperson_righthand": {
			"rotation": [0, 119, 0],
			"translation": [0, 8.75, 0]
		},
		"firstperson_lefthand": {
			"rotation": [0, 119, 0],
			"translation": [0, 8.75, 0]
		},
		"ground": {
			"translation": [0, 3.5, 0],
			"scale": [0.49, 0.49, 0.49]
		},
		"gui": {
			"rotation": [29, 132, 0],
			"translation": [0.5, 6, 0],
			"scale": [1.27, 1.27, 1.21]
		},
		"head": {
			"translation": [0, 16, 0],
			"scale": [1.96, 1.87, 1.81]
		},
		"fixed": {
			"translation": [0, 6.25, -1.75]
		}
	}
}