{
	"credit": "Made with Blockbench",
	"texture_size": [32, 32],
	"textures": {
		"0": "blockbench/monicle_texture",
		"particle": "blockbench/monicle_texture"
	},
	"elements": [
		{
			"from": [4, 0, 4],
			"to": [12, 5, 12],
			"faces": {
				"north": {"uv": [4, 0, 8, 2.5], "texture": "#0"},
				"east": {"uv": [4, 2.5, 8, 5], "texture": "#0"},
				"south": {"uv": [4, 5, 8, 7.5], "texture": "#0"},
				"west": {"uv": [4, 7.5, 8, 10], "texture": "#0"},
				"up": {"uv": [4, 4, 0, 0], "texture": "#0"},
				"down": {"uv": [4, 4, 0, 8], "texture": "#0"}
			}
		}
	],
	"display": {
		"thirdperson_righthand": {
			"translation": [1.75, 5.25, 3.25]
		},
		"thirdperson_lefthand": {
			"translation": [-2.5, 3.5, 3.75]
		},
		"firstperson_righthand": {
			"rotation": [0, 121, 0],
			"translation": [0, 9.75, 0]
		},
		"firstperson_lefthand": {
			"rotation": [0, 121, 0],
			"translation": [4.25, 9.75, 1.25]
		},
		"ground": {
			"translation": [0, 2.75, 0],
			"scale": [0.6, 0.6, 0.6]
		},
		"gui": {
			"rotation": [17, 156, 0],
			"translation": [-1.25, 15.5, 0],
			"scale": [2.43, 2.43, 2.43]
		},
		"head": {
			"translation": [0, 6.75, 0],
			"scale": [1.7, 1.7, 1.7]
		},
		"fixed": {
			"translation": [0, 5.5, 0]
		}
	}
}