{
	"credit": "Made with Blockbench",
	"textures": {
		"0": "blockbench/pirate_hat_texture_1",
		"1": "blockbench/feather",
		"2": "blockbench/pirate_hat_texture_2",
		"3": "blockbench/pirate_hat_texture_3",
		"particle": "blockbench/pirate_hat_texture_1"
	},
	"elements": [
		{
			"from": [2, 0, 3.99],
			"to": [14, 10, 3.99],
			"faces": {
				"north": {"uv": [0, 0, 6, 4.5], "texture": "#0"},
				"east": {"uv": [0, 0, 0, 4.5], "texture": "#0"},
				"south": {"uv": [0, 4.5, 6, 9], "texture": "#0"},
				"west": {"uv": [0, 0, 0, 4.5], "texture": "#0"},
				"up": {"uv": [6, 0, 0, 0], "texture": "#0"},
				"down": {"uv": [6, 0, 0, 0], "texture": "#0"}
			}
		},
		{
			"from": [2, 0, 4],
			"to": [14, 5, 12],
			"faces": {
				"north": {"uv": [6, 0, 12, 2.5], "texture": "#2"},
				"east": {"uv": [6, 5, 10, 7.5], "texture": "#2"},
				"south": {"uv": [6, 2.5, 12, 5], "texture": "#2"},
				"west": {"uv": [6, 7.5, 10, 10], "texture": "#2"},
				"up": {"uv": [6, 4, 0, 0], "texture": "#2"},
				"down": {"uv": [6, 4, 0, 8], "texture": "#2"}
			}
		},
		{
			"from": [4, 5, 4.5],
			"to": [12, 8, 11.5],
			"faces": {
				"north": {"uv": [8, 0, 16, 3], "texture": "#3"},
				"east": {"uv": [8, 6, 15, 9], "texture": "#3"},
				"south": {"uv": [8, 3, 16, 6], "texture": "#3"},
				"west": {"uv": [8, 9, 15, 12], "texture": "#3"},
				"up": {"uv": [8, 7, 0, 0], "texture": "#3"},
				"down": {"uv": [8, 7, 0, 14], "texture": "#3"}
			}
		},
		{
			"from": [12.01, 6, 2.5],
			"to": [12.01, 14, 8.5],
			"rotation": {"angle": 22.5, "axis": "x", "origin": [0, 0, 0]},
			"faces": {
				"north": {"uv": [0, 0, 0, 8], "texture": "#1"},
				"east": {"uv": [0, 0, 6, 8], "texture": "#1"},
				"south": {"uv": [0, 0, 0, 8], "texture": "#1"},
				"west": {"uv": [6, 0, 12, 8], "texture": "#1"},
				"up": {"uv": [0, 6, 0, 0], "texture": "#1"},
				"down": {"uv": [0, 0, 0, 6], "texture": "#1"}
			}
		}
	],
	"display": {
		"thirdperson_righthand": {
			"rotation": [0, 33, 0],
			"translation": [0, 2.75, 0],
			"scale": [0.73, 0.73, 0.73]
		},
		"thirdperson_lefthand": {
			"rotation": [0, 33, 0],
			"translation": [0, 2.75, 0],
			"scale": [0.73, 0.73, 0.73]
		},
		"firstperson_righthand": {
			"rotation": [0, 115, 0],
			"translation": [1, 6.75, -2.25]
		},
		"firstperson_lefthand": {
			"rotation": [0, 115, 0],
			"translation": [1, 6.75, -2.25]
		},
		"ground": {
			"translation": [0, 3.5, 0],
			"scale": [0.5, 0.5, 0.5]
		},
		"gui": {
			"rotation": [34, 155, 0],
			"translation": [0, 3, 0],
			"scale": [0.89, 0.89, 0.89]
		},
		"head": {
			"translation": [0, 11.75, 0],
			"scale": [1.74, 1.27, 1.81]
		},
		"fixed": {
			"translation": [0, 4.5, 0]
		}
	}
}