{
	"credit": "Made with Blockbench",
	"textures": {
		"0": "blockbench/police_hat_texture_1",
		"1": "blockbench/police_hat_texture_2",
		"2": "blockbench/police_hat_texture_3",
		"particle": "blockbench/police_hat_texture_1"
	},
	"elements": [
		{
			"from": [4.5, -0.01, 2],
			"to": [11.5, 0.99, 7],
			"faces": {
				"north": {"uv": [7, 0, 14, 1], "texture": "#1"},
				"east": {"uv": [7, 2, 12, 3], "texture": "#1"},
				"south": {"uv": [7, 1, 14, 2], "texture": "#1"},
				"west": {"uv": [7, 3, 12, 4], "texture": "#1"},
				"up": {"uv": [7, 5, 0, 0], "texture": "#1"},
				"down": {"uv": [7, 5, 0, 10], "texture": "#1"}
			}
		},
		{
			"from": [5, 0, 4],
			"to": [11, 4, 10],
			"faces": {
				"north": {"uv": [6, 0, 12, 4], "texture": "#2"},
				"east": {"uv": [6, 4, 12, 8], "texture": "#2"},
				"south": {"uv": [6, 8, 12, 12], "texture": "#2"},
				"west": {"uv": [0, 12, 6, 16], "texture": "#2"},
				"up": {"uv": [6, 6, 0, 0], "texture": "#2"},
				"down": {"uv": [6, 6, 0, 12], "texture": "#2"}
			}
		},
		{
			"from": [6.5, 1.3, 3.99],
			"to": [9.5, 3.8, 3.99],
			"faces": {
				"north": {"uv": [0, 0, 8, 6], "texture": "#0"},
				"east": {"uv": [0, 0, 0, 6], "texture": "#0"},
				"south": {"uv": [0, 6, 8, 12], "texture": "#0"},
				"west": {"uv": [0, 0, 0, 6], "texture": "#0"},
				"up": {"uv": [8, 0, 0, 0], "texture": "#0"},
				"down": {"uv": [8, 0, 0, 0], "texture": "#0"}
			}
		}
	],
	"display": {
		"thirdperson_righthand": {
			"rotation": [0, 33, 0],
			"translation": [0, 6, 1.25],
			"scale": [0.72, 0.72, 0.72]
		},
		"thirdperson_lefthand": {
			"rotation": [0, 33, 0],
			"translation": [0, 6, 1.25],
			"scale": [0.72, 0.72, 0.72]
		},
		"firstperson_righthand": {
			"rotation": [0, 122, 0],
			"translation": [0, 9.5, 0]
		},
		"firstperson_lefthand": {
			"rotation": [0, 122, 0],
			"translation": [0, 9.5, 0]
		},
		"ground": {
			"translation": [0, 3, 0],
			"scale": [0.45, 0.44, 0.45]
		},
		"gui": {
			"rotation": [30, 149, 0],
			"translation": [1.5, 9, 0],
			"scale": [1.46, 1.46, 1.46]
		},
		"head": {
			"translation": [0, 18, 2.25],
			"scale": [2.45, 2.06, 2.29]
		},
		"fixed": {
			"translation": [0, 5.75, 0]
		}
	}
}