{
	"credit": "Made with Blockbench",
	"textures": {
		"0": "blockbench/shepard_hat_texture_1",
		"1": "blockbench/shepard_hat_texture_2",
		"2": "blockbench/shepard_hat_texture_3",
		"particle": "blockbench/shepard_hat_texture_1"
	},
	"elements": [
		{
			"from": [2, 0, 2],
			"to": [14, 0, 14],
			"faces": {
				"north": {"uv": [0, 0, 6, 0], "texture": "#2"},
				"east": {"uv": [0, 0, 6, 0], "texture": "#2"},
				"south": {"uv": [0, 0, 6, 0], "texture": "#2"},
				"west": {"uv": [0, 0, 6, 0], "texture": "#2"},
				"up": {"uv": [6, 6, 0, 0], "texture": "#2"},
				"down": {"uv": [6, 6, 0, 12], "texture": "#2"}
			}
		},
		{
			"from": [4, 0.01, 4],
			"to": [12, 5.01, 12],
			"faces": {
				"north": {"uv": [4, 0, 8, 2.5], "texture": "#0"},
				"east": {"uv": [4, 2.5, 8, 5], "texture": "#0"},
				"south": {"uv": [4, 5, 8, 7.5], "texture": "#0"},
				"west": {"uv": [4, 7.5, 8, 10], "texture": "#0"},
				"up": {"uv": [4, 4, 0, 0], "texture": "#0"},
				"down": {"uv": [4, 4, 0, 8], "texture": "#0"}
			}
		},
		{
			"from": [3.8, -0.1, 3.8],
			"to": [12.2, 3.1, 12.2],
			"faces": {
				"north": {"uv": [8, 0, 16, 3], "texture": "#1"},
				"east": {"uv": [8, 3, 16, 6], "texture": "#1"},
				"south": {"uv": [8, 6, 16, 9], "texture": "#1"},
				"west": {"uv": [8, 9, 16, 12], "texture": "#1"},
				"up": {"uv": [8, 8, 0, 0], "texture": "#1"},
				"down": {"uv": [8, 8, 0, 16], "texture": "#1"}
			}
		}
	],
	"display": {
		"thirdperson_righthand": {
			"rotation": [0, 33, 0],
			"translation": [0, 4, 0],
			"scale": [0.62, 0.62, 0.62]
		},
		"thirdperson_lefthand": {
			"rotation": [0, 33, 0],
			"translation": [0, 4, 0],
			"scale": [0.62, 0.62, 0.62]
		},
		"firstperson_righthand": {
			"rotation": [0, 133, 0],
			"translation": [0, 10, 0]
		},
		"firstperson_lefthand": {
			"rotation": [0, 133, 0],
			"translation": [0, 10, 0]
		},
		"ground": {
			"translation": [0, 2.5, 0],
			"scale": [0.39, 0.39, 0.39]
		},
		"gui": {
			"rotation": [25, 138, 0],
			"translation": [0, 4.5, 0]
		},
		"head": {
			"translation": [0, 15.25, 0],
			"scale": [1.79, 1.79, 1.79]
		},
		"fixed": {
			"translation": [0, 5.5, 0]
		}
	}
}