{
	"credit": "Made with Blockbench",
	"textures": {
		"0": "blockbench/straw_hat_texture_1",
		"1": "blockbench/straw_hat_texture_2",
		"particle": "blockbench/straw_hat_texture_1"
	},
	"elements": [
		{
			"from": [0, -0.01, 0],
			"to": [16, -0.01, 16],
			"faces": {
				"north": {"uv": [0, 0, 8, 0], "texture": "#0"},
				"east": {"uv": [0, 0, 8, 0], "texture": "#0"},
				"south": {"uv": [0, 0, 8, 0], "texture": "#0"},
				"west": {"uv": [0, 0, 8, 0], "texture": "#0"},
				"up": {"uv": [8, 8, 0, 0], "texture": "#0"},
				"down": {"uv": [8, 8, 0, 16], "texture": "#0"}
			}
		},
		{
			"from": [4, 0, 4],
			"to": [12, 4, 12],
			"faces": {
				"north": {"uv": [8, 0, 16, 4], "texture": "#1"},
				"east": {"uv": [8, 4, 16, 8], "texture": "#1"},
				"south": {"uv": [8, 8, 16, 12], "texture": "#1"},
				"west": {"uv": [8, 12, 16, 16], "texture": "#1"},
				"up": {"uv": [8, 8, 0, 0], "texture": "#1"},
				"down": {"uv": [8, 8, 0, 16], "texture": "#1"}
			}
		}
	],
	"display": {
		"thirdperson_righthand": {
			"rotation": [0, 35, 0],
			"translation": [0, 5.25, 0],
			"scale": [0.7, 0.7, 0.7]
		},
		"thirdperson_lefthand": {
			"rotation": [0, 35, 0],
			"translation": [0, 5.25, 0],
			"scale": [0.7, 0.7, 0.7]
		},
		"firstperson_righthand": {
			"translation": [0, 9, 0]
		},
		"firstperson_lefthand": {
			"translation": [0, 9, 0]
		},
		"ground": {
			"translation": [0, 2.25, 0],
			"scale": [0.34, 0.34, 0.34]
		},
		"gui": {
			"rotation": [44, 27, 0],
			"translation": [0, 4.25, 0],
			"scale": [0.77, 0.77, 0.77]
		},
		"head": {
			"translation": [0, 17.75, 0],
			"scale": [1.81, 1.81, 1.81]
		},
		"fixed": {
			"translation": [0, 6, 0]
		}
	}
}