{
	"credit": "Made with Blockbench",
	"textures": {
		"0": "blockbench/toilet_texture_1",
		"1": "blockbench/toilet_texture_2",
		"2": "blockbench/toilet_texture_3",
		"3": "blockbench/toilet_texture_4",
		"4": "blockbench/toilet_texture_5",
		"5": "blockbench/toilet_texture_6",
		"6": "blockbench/toilet_texture_7",
		"7": "blockbench/toilet_texture_8",
		"8": "blockbench/toilet_texture_9",
		"9": "blockbench/toilet_texture_10",
		"10": "blockbench/toilet_texture_11",
		"11": "blockbench/toilet_texture_12",
		"particle": "blockbench/toilet_texture_1"
	},
	"elements": [
		{
			"from": [4, 0, 3],
			"to": [12, 2, 14],
			"faces": {
				"north": {"uv": [0, 6.5, 4, 7.5], "texture": "#4"},
				"east": {"uv": [0, 5.5, 5.5, 6.5], "texture": "#4"},
				"south": {"uv": [4, 6.5, 8, 7.5], "texture": "#4"},
				"west": {"uv": [5.5, 5.5, 11, 6.5], "texture": "#4"},
				"up": {"uv": [4, 5.5, 0, 0], "texture": "#4"},
				"down": {"uv": [8, 0, 4, 5.5], "texture": "#4"}
			}
		},
		{
			"from": [3, 8, 3],
			"to": [5, 11, 14],
			"faces": {
				"north": {"uv": [2, 3, 3, 4.5], "texture": "#1"},
				"east": {"uv": [0, 0, 5.5, 1.5], "texture": "#1"},
				"south": {"uv": [3, 3, 4, 4.5], "texture": "#1"},
				"west": {"uv": [0, 1.5, 5.5, 3], "texture": "#1"},
				"up": {"uv": [1, 8.5, 0, 3], "texture": "#1"},
				"down": {"uv": [2, 3, 1, 8.5], "texture": "#1"}
			}
		},
		{
			"from": [11, 8, 3],
			"to": [13, 11, 14],
			"faces": {
				"north": {"uv": [2, 3, 3, 4.5], "texture": "#2"},
				"east": {"uv": [0, 0, 5.5, 1.5], "texture": "#2"},
				"south": {"uv": [3, 3, 4, 4.5], "texture": "#2"},
				"west": {"uv": [0, 1.5, 5.5, 3], "texture": "#2"},
				"up": {"uv": [1, 8.5, 0, 3], "texture": "#2"},
				"down": {"uv": [2, 3, 1, 8.5], "texture": "#2"}
			}
		},
		{
			"from": [5, 8, 3],
			"to": [11, 11, 5],
			"faces": {
				"north": {"uv": [0, 0, 6, 3], "texture": "#0"},
				"east": {"uv": [6, 2, 8, 5], "texture": "#0"},
				"south": {"uv": [0, 3, 6, 6], "texture": "#0"},
				"west": {"uv": [6, 5, 8, 8], "texture": "#0"},
				"up": {"uv": [6, 8, 0, 6], "texture": "#0"},
				"down": {"uv": [12, 0, 6, 2], "texture": "#0"}
			}
		},
		{
			"from": [5, 8, 10],
			"to": [11, 12, 15],
			"faces": {
				"north": {"uv": [6, 0, 12, 4], "texture": "#6"},
				"east": {"uv": [6, 8, 11, 12], "texture": "#6"},
				"south": {"uv": [6, 4, 12, 8], "texture": "#6"},
				"west": {"uv": [0, 10, 5, 14], "texture": "#6"},
				"up": {"uv": [6, 5, 0, 0], "texture": "#6"},
				"down": {"uv": [6, 5, 0, 10], "texture": "#6"}
			}
		},
		{
			"from": [5, 12, 12],
			"to": [11, 15, 15],
			"faces": {
				"north": {"uv": [0, 0, 6, 3], "texture": "#7"},
				"east": {"uv": [6, 3, 9, 6], "texture": "#7"},
				"south": {"uv": [0, 3, 6, 6], "texture": "#7"},
				"west": {"uv": [6, 6, 9, 9], "texture": "#7"},
				"up": {"uv": [6, 9, 0, 6], "texture": "#7"},
				"down": {"uv": [12, 0, 6, 3], "texture": "#7"}
			}
		},
		{
			"from": [2, 15, 11],
			"to": [14, 23, 15],
			"faces": {
				"north": {"uv": [0, 0, 6, 4], "texture": "#9"},
				"east": {"uv": [6, 4, 8, 8], "texture": "#9"},
				"south": {"uv": [0, 4, 6, 8], "texture": "#9"},
				"west": {"uv": [0, 8, 2, 12], "texture": "#9"},
				"up": {"uv": [12, 2, 6, 0], "texture": "#9"},
				"down": {"uv": [12, 2, 6, 4], "texture": "#9"}
			}
		},
		{
			"from": [1.5, 23, 10.5],
			"to": [14.5, 24, 15.5],
			"faces": {
				"north": {"uv": [0, 10, 13, 11], "texture": "#11"},
				"east": {"uv": [0, 12, 5, 13], "texture": "#11"},
				"south": {"uv": [0, 11, 13, 12], "texture": "#11"},
				"west": {"uv": [5, 12, 10, 13], "texture": "#11"},
				"up": {"uv": [13, 5, 0, 0], "texture": "#11"},
				"down": {"uv": [13, 5, 0, 10], "texture": "#11"}
			}
		},
		{
			"from": [10.5, 21, 10.5],
			"to": [13.5, 22, 11.5],
			"faces": {
				"north": {"uv": [0, 0, 3, 1], "texture": "#10"},
				"east": {"uv": [3, 0, 4, 1], "texture": "#10"},
				"south": {"uv": [0, 1, 3, 2], "texture": "#10"},
				"west": {"uv": [3, 1, 4, 2], "texture": "#10"},
				"up": {"uv": [3, 3, 0, 2], "texture": "#10"},
				"down": {"uv": [3, 3, 0, 4], "texture": "#10"}
			}
		},
		{
			"from": [5, 2, 5],
			"to": [11, 8, 10],
			"faces": {
				"north": {"uv": [0, 0, 3, 3], "texture": "#3"},
				"east": {"uv": [3, 0, 5.5, 3], "texture": "#3"},
				"south": {"uv": [0, 3, 3, 6], "texture": "#3"},
				"west": {"uv": [3, 3, 5.5, 6], "texture": "#3"},
				"up": {"uv": [8.5, 2.5, 5.5, 0], "texture": "#3"},
				"down": {"uv": [8.5, 2.5, 5.5, 5], "texture": "#3"}
			}
		},
		{
			"from": [6, 2, 10],
			"to": [10, 8, 14],
			"faces": {
				"north": {"uv": [0, 0, 4, 6], "texture": "#5"},
				"east": {"uv": [4, 0, 8, 6], "texture": "#5"},
				"south": {"uv": [0, 6, 4, 12], "texture": "#5"},
				"west": {"uv": [4, 6, 8, 12], "texture": "#5"},
				"up": {"uv": [12, 4, 8, 0], "texture": "#5"},
				"down": {"uv": [12, 4, 8, 8], "texture": "#5"}
			}
		},
		{
			"from": [3, 11.5, 10.5],
			"to": [13, 20.5, 11.5],
			"faces": {
				"north": {"uv": [0, 0, 5, 4.5], "texture": "#8"},
				"east": {"uv": [5, 1, 5.5, 5.5], "texture": "#8"},
				"south": {"uv": [0, 4.5, 5, 9], "texture": "#8"},
				"west": {"uv": [5.5, 1, 6, 5.5], "texture": "#8"},
				"up": {"uv": [10, 0.5, 5, 0], "texture": "#8"},
				"down": {"uv": [10, 0.5, 5, 1], "texture": "#8"}
			}
		}
	],
	"display": {
		"thirdperson_righthand": {
			"rotation": [0, 33, 0],
			"translation": [0, 1.75, 0],
			"scale": [0.54, 0.54, 0.54]
		},
		"thirdperson_lefthand": {
			"rotation": [0, 33, 0],
			"translation": [0, 1.75, 0],
			"scale": [0.54, 0.54, 0.54]
		},
		"firstperson_righthand": {
			"rotation": [0, 122, 0],
			"translation": [0, 0, -2.75]
		},
		"firstperson_lefthand": {
			"rotation": [0, 122, 0],
			"translation": [0, 0, -2.75]
		},
		"ground": {
			"translation": [0, 0.75, 0],
			"scale": [0.28, 0.28, 0.27]
		},
		"gui": {
			"rotation": [40, 140, 0],
			"translation": [0, -2.25, 0],
			"scale": [0.54, 0.54, 0.54]
		},
		"head": {
			"translation": [0, 16.75, -1.25],
			"scale": [1.69, 1.69, 1.69]
		},
		"fixed": {
			"rotation": [-90, 0, 0],
			"translation": [0, 0, -23.25],
			"scale": [3.12, 3.12, 3.12]
		}
	}
}