{
	"credit": "Made with Blockbench",
	"texture_size": [32, 32],
	"textures": {
		"0": "blockbench/bucket_texture_1",
		"1": "blockbench/bucket_texture_2",
		"2": "blockbench/bucket_water",
		"particle": "blockbench/bucket_texture_1"
	},
	"elements": [
		{
			"from": [3, 0, 3],
			"to": [13, 8, 13],
			"faces": {
				"north": {"uv": [5, 4, 10, 8], "texture": "#1"},
				"east": {"uv": [5, 8, 10, 12], "texture": "#1"},
				"south": {"uv": [0, 10, 5, 14], "texture": "#1"},
				"west": {"uv": [5, 0, 10, 4], "texture": "#1"},
				"up": {"uv": [5, 5, 0, 0], "rotation": 270, "texture": "#1"},
				"down": {"uv": [5, 5, 0, 10], "rotation": 90, "texture": "#1"}
			}
		},
		{
			"from": [4, -10, 4],
			"to": [12, -1, 12],
			"rotation": {"angle": -22.5, "axis": "x", "origin": [0, 0, 0]},
			"faces": {
				"north": {"uv": [0, 0, 4, 4.5], "texture": "#2"},
				"east": {"uv": [4, 0, 8, 4.5], "texture": "#2"},
				"south": {"uv": [0, 4.5, 4, 9], "texture": "#2"},
				"west": {"uv": [4, 4.5, 8, 9], "texture": "#2"},
				"up": {"uv": [12, 4, 8, 0], "texture": "#2"},
				"down": {"uv": [12, 4, 8, 8], "texture": "#2"}
			}
		},
		{
			"from": [2.9, -9, 6],
			"to": [13.1, 0, 7],
			"rotation": {"angle": -22.5, "axis": "x", "origin": [0, 0, 0]},
			"faces": {
				"north": {"uv": [0, 0, 5, 4.5], "texture": "#0"},
				"east": {"uv": [5, 1, 5.5, 5.5], "texture": "#0"},
				"south": {"uv": [0, 4.5, 5, 9], "texture": "#0"},
				"west": {"uv": [5.5, 1, 6, 5.5], "texture": "#0"},
				"up": {"uv": [10, 0.5, 5, 0], "texture": "#0"},
				"down": {"uv": [10, 0.5, 5, 1], "texture": "#0"}
			}
		}
	],
	"display": {
		"thirdperson_righthand": {
			"rotation": [93, 0, 0],
			"translation": [0.5, -2.75, 0.75],
			"scale": [0.71, 0.71, 0.71]
		},
		"thirdperson_lefthand": {
			"rotation": [93, 0, 0],
			"translation": [0.5, -2.75, 0.75],
			"scale": [0.71, 0.71, 0.71]
		},
		"firstperson_righthand": {
			"translation": [0, 9.25, -1.75],
			"scale": [0.75, 0.75, 0.75]
		},
		"firstperson_lefthand": {
			"translation": [0, 9.25, -1.75],
			"scale": [0.75, 0.75, 0.75]
		},
		"ground": {
			"translation": [0, 4, 0],
			"scale": [0.44, 0.44, 0.44]
		},
		"gui": {
			"rotation": [17, 145, 0],
			"translation": [0, 5.25, 0],
			"scale": [0.83, 0.83, 0.83]
		},
		"head": {
			"rotation": [22.5, 0, 0],
			"translation": [0, 13.25, 4.25],
			"scale": [1.71, 1.71, 1.71]
		},
		"fixed": {
			"translation": [0, 7, 0]
		}
	}
}