{
	"credit": "Made with Blockbench",
	"texture_size": [32, 32],
	"textures": {
		"0": "blockbench/welder_goggles_texture",
		"particle": "blockbench/welder_goggles_texture"
	},
	"elements": [
		{
			"from": [4, 0, 4],
			"to": [12, 5, 12],
			"faces": {
				"north": {"uv": [4, 0, 8, 2.5], "texture": "#0"},
				"east": {"uv": [4, 2.5, 8, 5], "texture": "#0"},
				"south": {"uv": [4, 5, 8, 7.5], "texture": "#0"},
				"west": {"uv": [4, 7.5, 8, 10], "texture": "#0"},
				"up": {"uv": [4, 4, 0, 0], "texture": "#0"},
				"down": {"uv": [4, 4, 0, 8], "texture": "#0"}
			}
		}
	],
	"display": {
		"thirdperson_righthand": {
			"rotation": [0, 30, 0],
			"translation": [1, 4, 2.5]
		},
		"thirdperson_lefthand": {
			"rotation": [0, 30, 0],
			"translation": [1, 4, 2.5]
		},
		"firstperson_righthand": {
			"rotation": [0, 111, 0],
			"translation": [0, 8, 0]
		},
		"firstperson_lefthand": {
			"rotation": [0, 111, 0],
			"translation": [0, 8, 0]
		},
		"ground": {
			"translation": [0, 1.75, 0],
			"scale": [0.49, 0.49, 0.49]
		},
		"gui": {
			"rotation": [20, 154, 0],
			"translation": [0, 6.75, 0],
			"scale": [1.19, 1.19, 1.19]
		},
		"head": {
			"translation": [0, 10.5, 0],
			"scale": [1.81, 1.1, 1.81]
		},
		"fixed": {
			"translation": [0, 5.5, 0]
		}
	}
}