{
	"credit": "Made with Blockbench",
	"texture_size": [32, 32],
	"textures": {
		"0": "./blockbench/arrow_texture_1",
		"1": "./blockbench/arrow_texture_2",
		"2": "./blockbench/arrow_texture_3",
		"3": "./blockbench/arrow_stick_texture",
		"4": "./blockbench/arrow_blood_texture",
		"particle": "./blockbench/arrow_texture_1"
	},
	"elements": [
		{
			"from": [18, 1, 7.5],
			"to": [21, 4, 7.5],
			"faces": {
				"north": {"uv": [0, 6, 3, 10], "texture": "#0"},
				"east": {"uv": [0, 0, 0, 5], "texture": "#0"},
				"south": {"uv": [3, 6, 0, 10], "texture": "#0"},
				"west": {"uv": [0, 0, 0, 5], "texture": "#0"},
				"up": {"uv": [0, 0, 16, 0], "texture": "#0"},
				"down": {"uv": [0, 0, 16, 0], "texture": "#0"}
			}
		},
		{
			"from": [18, 2.5, 6],
			"to": [21, 2.5, 9],
			"faces": {
				"north": {"uv": [0, 0, 16, 0], "texture": "#0"},
				"east": {"uv": [0, 0, 5, 0], "texture": "#0"},
				"south": {"uv": [0, 0, 16, 0], "texture": "#0"},
				"west": {"uv": [0, 0, 5, 0], "texture": "#0"},
				"up": {"uv": [3, 10, 0, 6], "texture": "#0"},
				"down": {"uv": [3, 6, 0, 10], "texture": "#0"}
			}
		},
		{
			"from": [-3, 0.5, 5.5],
			"to": [-3, 4.5, 9.5],
			"faces": {
				"north": {"uv": [0, 0, 0, 5], "texture": "#1"},
				"east": {"uv": [0, 5, 5, 10], "texture": "#1"},
				"south": {"uv": [0, 0, 0, 5], "texture": "#1"},
				"west": {"uv": [0, 5, 5, 10], "texture": "#1"},
				"up": {"uv": [0, 5, 0, 0], "texture": "#1"},
				"down": {"uv": [0, 0, 0, 5], "texture": "#1"}
			}
		},
		{
			"from": [-4, 2.01, 7.51],
			"to": [18, 3.01, 7.51],
			"faces": {
				"north": {"uv": [0, 0, 13, 1], "texture": "#3"},
				"east": {"uv": [0, 0, 0, 1], "texture": "#3"},
				"south": {"uv": [13, 0, 0, 1], "texture": "#3"},
				"west": {"uv": [0, 0, 0, 1], "texture": "#3"},
				"up": {"uv": [13, 0, 0, 0], "texture": "#3"},
				"down": {"uv": [13, 0, 0, 0], "texture": "#3"}
			}
		},
		{
			"from": [-4, 0.5, 7.5],
			"to": [2, 4.5, 7.5],
			"faces": {
				"north": {"uv": [0, 0, 6, 4], "texture": "#2"},
				"east": {"uv": [0, 0, 0, 4], "texture": "#2"},
				"south": {"uv": [6, 0, 0, 4], "texture": "#2"},
				"west": {"uv": [0, 0, 0, 4], "texture": "#2"},
				"up": {"uv": [6, 0, 0, 0], "texture": "#2"},
				"down": {"uv": [6, 0, 0, 0], "texture": "#2"}
			}
		},
		{
			"from": [2, -5, 7.501],
			"to": [21, 2, 7.501],
			"faces": {
				"north": {"uv": [9.5, 0, 0, 3.5], "texture": "#4"},
				"east": {"uv": [0, 0, 0, 3.5], "texture": "#4"},
				"south": {"uv": [0, 0, 9.5, 3.5], "texture": "#4"},
				"west": {"uv": [0, 0, 0, 3.5], "texture": "#4"},
				"up": {"uv": [9.5, 0, 0, 0], "texture": "#4"},
				"down": {"uv": [9.5, 0, 0, 0], "texture": "#4"}
			}
		},
		{
			"from": [-4, 2.51, 7],
			"to": [18, 2.51, 8],
			"faces": {
				"north": {"uv": [0, 0, 13, 0], "rotation": 180, "texture": "#3"},
				"east": {"uv": [0, 0, 0, 1], "rotation": 270, "texture": "#3"},
				"south": {"uv": [0, 0, 13, 0], "texture": "#3"},
				"west": {"uv": [0, 0, 0, 1], "rotation": 90, "texture": "#3"},
				"up": {"uv": [13, 0, 0, 1], "rotation": 180, "texture": "#3"},
				"down": {"uv": [0, 0, 13, 1], "texture": "#3"}
			}
		},
		{
			"from": [-4, 2.5, 5],
			"to": [2, 2.5, 10],
			"faces": {
				"north": {"uv": [0, 0, 6, 0], "rotation": 180, "texture": "#2"},
				"east": {"uv": [0, 0, 0, 5], "rotation": 270, "texture": "#2"},
				"south": {"uv": [0, 0, 6, 0], "texture": "#2"},
				"west": {"uv": [0, 0, 0, 5], "rotation": 90, "texture": "#2"},
				"up": {"uv": [0, 0, 6, 4], "rotation": 180, "texture": "#2"},
				"down": {"uv": [6, 0, 0, 4], "texture": "#2"}
			}
		}
	],
	"display": {
		"thirdperson_righthand": {
			"rotation": [78, 83, 0],
			"translation": [0, -1.75, 7],
			"scale": [0.57, 1, 1]
		},
		"thirdperson_lefthand": {
			"rotation": [78, -88, 0],
			"translation": [0, -1.75, 7],
			"scale": [0.57, 1, 1]
		},
		"firstperson_righthand": {
			"rotation": [0, 88, 0],
			"translation": [0, 10, 5.5]
		},
		"firstperson_lefthand": {
			"rotation": [0, -88, 0],
			"translation": [0, 10, 5.5]
		},
		"ground": {
			"translation": [0, 5.25, 0],
			"scale": [0.48, 0.74, 0.74]
		},
		"gui": {
			"rotation": [29, 126, 0],
			"translation": [0.75, 4.25, 0],
			"scale": [0.85, 0.85, 0.85]
		},
		"head": {
			"translation": [-0.75, 8.25, -1.5],
			"scale": [1.04, 1.24, 1.24]
		},
		"fixed": {
			"rotation": [-13, -99, -3],
			"translation": [-0.25, 10.75, -15.25],
			"scale": [2.11, 2.11, 2.11]
		}
	}
}