{
	"credit": "Made with Blockbench",
	"texture_size": [32, 32],
	"textures": {
		"0": "./blockbench/bunny_ears_texture_1",
		"1": "./blockbench/bunny_ears_texture_2",
		"2": "./blockbench/bunny_ears_texture_3",
		"3": "./blockbench/bunny_ears_texture_4",
		"particle": "./blockbench/bunny_ears_texture_1"
	},
	"elements": [
		{
			"from": [2, 0, 6],
			"to": [6, 11, 9],
			"faces": {
				"north": {"uv": [0, 0, 2, 5.5], "texture": "#1"},
				"east": {"uv": [4, 0, 5.5, 5.5], "texture": "#1"},
				"south": {"uv": [2, 0, 4, 5.5], "texture": "#1"},
				"west": {"uv": [0, 5.5, 1.5, 11], "texture": "#1"},
				"up": {"uv": [7.5, 1.5, 5.5, 0], "texture": "#1"},
				"down": {"uv": [3.5, 5.5, 1.5, 7], "texture": "#1"}
			}
		},
		{
			"from": [1, 11, 5],
			"to": [6, 20, 9],
			"faces": {
				"north": {"uv": [0, 0, 2.5, 4.5], "texture": "#3"},
				"east": {"uv": [0, 4.5, 2, 9], "texture": "#3"},
				"south": {"uv": [2.5, 0, 5, 4.5], "texture": "#3"},
				"west": {"uv": [2, 4.5, 4, 9], "texture": "#3"},
				"up": {"uv": [6.5, 6.5, 4, 4.5], "texture": "#3"},
				"down": {"uv": [7.5, 0, 5, 2], "texture": "#3"}
			}
		},
		{
			"from": [9.99, 6, 3.99],
			"to": [14.99, 15, 8.99],
			"faces": {
				"north": {"uv": [0, 0, 2.5, 4.5], "texture": "#2"},
				"east": {"uv": [2.5, 0, 5, 4.5], "texture": "#2"},
				"south": {"uv": [0, 4.5, 2.5, 9], "texture": "#2"},
				"west": {"uv": [2.5, 4.5, 5, 9], "texture": "#2"},
				"up": {"uv": [7.5, 2.5, 5, 0], "texture": "#2"},
				"down": {"uv": [7.5, 2.5, 5, 5], "texture": "#2"}
			}
		},
		{
			"from": [10, 0, 6],
			"to": [14, 11, 9],
			"faces": {
				"north": {"uv": [0, 0, 2, 5.5], "texture": "#0"},
				"east": {"uv": [4, 0, 5.5, 5.5], "texture": "#0"},
				"south": {"uv": [2, 0, 4, 5.5], "texture": "#0"},
				"west": {"uv": [0, 5.5, 1.5, 11], "texture": "#0"},
				"up": {"uv": [7.5, 1.5, 5.5, 0], "texture": "#0"},
				"down": {"uv": [3.5, 5.5, 1.5, 7], "texture": "#0"}
			}
		}
	],
	"display": {
		"thirdperson_righthand": {
			"rotation": [0, 33, 0],
			"translation": [0, 1.25, 1.5],
			"scale": [0.26, 0.26, 0.26]
		},
		"thirdperson_lefthand": {
			"rotation": [0, 33, 0],
			"translation": [0, 1.25, 1.5],
			"scale": [0.26, 0.26, 0.26]
		},
		"firstperson_righthand": {
			"rotation": [0, 124, 0],
			"translation": [2, -0.75, -6.5]
		},
		"firstperson_lefthand": {
			"rotation": [0, 124, 0],
			"translation": [2, -0.75, -6.5]
		},
		"ground": {
			"translation": [0, 1, 0],
			"scale": [0.28, 0.28, 0.28]
		},
		"gui": {
			"rotation": [22, 134, 0],
			"translation": [0.25, -0.5, 0],
			"scale": [0.68, 0.68, 0.68]
		},
		"head": {
			"translation": [0, 13.25, 0]
		}
	}
}