{
	"credit": "Made with Blockbench",
	"textures": {
		"0": "./blockbench/cooking_pot_texture_1",
		"1": "./blockbench/cooking_pot_texture_2",
		"2": "./blockbench/cooking_pot_handle_texture",
		"3": "./blockbench/cooking_pot_texture_3",
		"4": "./blockbench/pot_water_texture",
		"particle": "./blockbench/cooking_pot_texture_1"
	},
	"elements": [
		{
			"from": [4, 0, 5],
			"to": [12, 6, 13],
			"faces": {
				"north": {"uv": [4, 0, 8, 3], "texture": "#0"},
				"east": {"uv": [4, 3, 8, 6], "texture": "#0"},
				"south": {"uv": [4, 6, 8, 9], "texture": "#0"},
				"west": {"uv": [0, 8, 4, 11], "texture": "#0"},
				"up": {"uv": [4, 4, 0, 0], "texture": "#0"},
				"down": {"uv": [4, 4, 0, 8], "texture": "#0"}
			}
		},
		{
			"from": [5, 1, 6],
			"to": [11, 5, 12],
			"faces": {
				"north": {"uv": [6, 0, 12, 4], "texture": "#4"},
				"east": {"uv": [6, 4, 12, 8], "texture": "#4"},
				"south": {"uv": [6, 8, 12, 12], "texture": "#4"},
				"west": {"uv": [0, 12, 6, 16], "texture": "#4"},
				"up": {"uv": [6, 6, 0, 0], "texture": "#4"},
				"down": {"uv": [6, 6, 0, 12], "texture": "#4"}
			}
		},
		{
			"from": [11, 1, 5],
			"to": [12, 6, 13],
			"faces": {
				"north": {"uv": [5, 0, 9, 3], "texture": "#3"},
				"east": {"uv": [8, 3, 12, 6], "texture": "#3"},
				"south": {"uv": [7, 7, 11, 10], "texture": "#3"},
				"west": {"uv": [0, 5, 6, 10], "texture": "#3"},
				"up": {"uv": [4, 4, 0, 0], "texture": "#3"},
				"down": {"uv": [11, 10, 7, 14], "texture": "#3"}
			}
		},
		{
			"from": [4, 1, 5],
			"to": [5, 6, 13],
			"faces": {
				"north": {"uv": [4, 0, 8, 3], "texture": "#3"},
				"east": {"uv": [0, 5, 6, 10], "texture": "#3"},
				"south": {"uv": [3, 11, 7, 14], "texture": "#3"},
				"west": {"uv": [8, 10, 12, 13], "texture": "#3"},
				"up": {"uv": [4, 4, 0, 0], "texture": "#3"},
				"down": {"uv": [14, 2, 10, 6], "texture": "#3"}
			}
		},
		{
			"from": [5, 1, 5],
			"to": [11, 6, 6],
			"faces": {
				"north": {"uv": [0, 0, 6, 5], "texture": "#3"},
				"east": {"uv": [6, 2, 7, 7], "texture": "#3"},
				"south": {"uv": [0, 5, 6, 10], "texture": "#3"},
				"west": {"uv": [7, 2, 8, 7], "texture": "#3"},
				"up": {"uv": [12, 1, 6, 0], "texture": "#3"},
				"down": {"uv": [12, 1, 6, 2], "texture": "#3"}
			}
		},
		{
			"from": [5, 1, 12],
			"to": [11, 6, 13],
			"faces": {
				"north": {"uv": [0, 5, 6, 10], "texture": "#3"},
				"east": {"uv": [6, 1, 10, 4], "texture": "#3"},
				"south": {"uv": [8, 6, 12, 9], "texture": "#3"},
				"west": {"uv": [1, 11, 5, 14], "texture": "#3"},
				"up": {"uv": [4, 4, 0, 0], "texture": "#3"},
				"down": {"uv": [16, 1, 12, 5], "texture": "#3"}
			}
		},
		{
			"from": [3, 3, 7.5],
			"to": [4, 6, 10.5],
			"faces": {
				"north": {"uv": [3, 0, 4, 3], "texture": "#1"},
				"east": {"uv": [0, 0, 3, 3], "texture": "#1"},
				"south": {"uv": [3, 3, 4, 6], "texture": "#1"},
				"west": {"uv": [0, 3, 3, 6], "texture": "#1"},
				"up": {"uv": [5, 3, 4, 0], "texture": "#1"},
				"down": {"uv": [5, 3, 4, 6], "texture": "#1"}
			}
		},
		{
			"from": [-6, 3.5, 8],
			"to": [3, 5.5, 10],
			"faces": {
				"north": {"uv": [0, 0, 9, 2], "texture": "#2"},
				"east": {"uv": [0, 8, 2, 10], "texture": "#2"},
				"south": {"uv": [0, 2, 9, 4], "texture": "#2"},
				"west": {"uv": [2, 8, 4, 10], "texture": "#2"},
				"up": {"uv": [9, 6, 0, 4], "texture": "#2"},
				"down": {"uv": [9, 6, 0, 8], "texture": "#2"}
			}
		}
	],
	"display": {
		"thirdperson_righthand": {
			"rotation": [83, 90, 0],
			"translation": [-1.25, 7.5, 2.5],
			"scale": [0.71, 0.71, 0.71]
		},
		"thirdperson_lefthand": {
			"rotation": [83, -90, 0],
			"translation": [0, 7.5, 2.5],
			"scale": [0.71, 0.71, 0.71]
		},
		"firstperson_righthand": {
			"rotation": [0, 103, 0],
			"translation": [-1.5, 6.5, -0.25]
		},
		"firstperson_lefthand": {
			"rotation": [0, -63, 0],
			"translation": [-0.5, 7, 0]
		},
		"ground": {
			"translation": [0, 1.75, 0],
			"scale": [0.48, 0.48, 0.48]
		},
		"gui": {
			"rotation": [32, 128, 0],
			"translation": [-2.25, 3.25, 0],
			"scale": [0.89, 0.89, 0.89]
		},
		"head": {
			"rotation": [-176, 6, -6],
			"translation": [0.5, -1.5, 1.75],
			"scale": [1.89, 1.52, 1.89]
		},
		"fixed": {
			"rotation": [-90, 0, 0],
			"translation": [0, -3, -19.25],
			"scale": [3.02, 3.02, 3.02]
		}
	}
}