{
	"credit": "Made with Blockbench",
	"texture_size": [8, 8],
	"textures": {
		"0": "./blockbench/crown_poof_texture_1",
		"1": "./blockbench/crown_poof_texture_2",
		"2": "./blockbench/crown_texture",
		"3": "./blockbench/jewls_texture",
		"particle": "./blockbench/crown_poof_texture_1"
	},
	"elements": [
		{
			"from": [3.5, 0, 3.5],
			"to": [12.5, 3, 12.5],
			"faces": {
				"north": {"uv": [4.5, 0, 9, 1.5], "texture": "#0"},
				"east": {"uv": [4.5, 1.5, 9, 3], "texture": "#0"},
				"south": {"uv": [4.5, 3, 9, 4.5], "texture": "#0"},
				"west": {"uv": [4.5, 4.5, 9, 6], "texture": "#0"},
				"up": {"uv": [4.5, 4.5, 0, 0], "texture": "#0"},
				"down": {"uv": [4.5, 4.5, 0, 9], "texture": "#0"}
			}
		},
		{
			"from": [3.5, 3, 4],
			"to": [12.5, 10, 12],
			"faces": {
				"north": {"uv": [4, 0, 8, 2.5], "texture": "#2"},
				"east": {"uv": [4, 0, 8, 2.5], "texture": "#2"},
				"south": {"uv": [4, 0, 8, 2.5], "texture": "#2"},
				"west": {"uv": [4, 0, 8, 2.5], "texture": "#2"},
				"up": {"uv": [4, 4, 0, 0], "texture": "#2"},
				"down": {"uv": [4, 4, 0, 8], "texture": "#2"}
			}
		},
		{
			"from": [3.3, -0.1, 3.3],
			"to": [12.7, 3.1, 12.7],
			"faces": {
				"north": {"uv": [4.5, 0, 9, 1.5], "texture": "#1"},
				"east": {"uv": [4.5, 1.5, 9, 3], "texture": "#1"},
				"south": {"uv": [4.5, 3, 9, 4.5], "texture": "#1"},
				"west": {"uv": [4.5, 4.5, 9, 6], "texture": "#1"},
				"up": {"uv": [4.5, 4.5, 0, 0], "texture": "#1"},
				"down": {"uv": [4.5, 4.5, 0, 9], "texture": "#1"}
			}
		},
		{
			"from": [4, 3, 3.99],
			"to": [12, 9, 3.99],
			"faces": {
				"north": {"uv": [0, 0, 12, 8], "texture": "#3"},
				"east": {"uv": [0, 0, 0, 8], "texture": "#3"},
				"south": {"uv": [0, 8, 12, 16], "texture": "#3"},
				"west": {"uv": [0, 0, 0, 8], "texture": "#3"},
				"up": {"uv": [12, 0, 0, 0], "texture": "#3"},
				"down": {"uv": [12, 0, 0, 0], "texture": "#3"}
			}
		},
		{
			"from": [4, 3, 12.1],
			"to": [12, 9, 12.1],
			"faces": {
				"north": {"uv": [0, 8, 12, 16], "texture": "#3"},
				"east": {"uv": [0, 0, 0, 8], "texture": "#3"},
				"south": {"uv": [0, 0, 12, 8], "texture": "#3"},
				"west": {"uv": [0, 0, 0, 8], "texture": "#3"},
				"up": {"uv": [12, 0, 0, 0], "texture": "#3"},
				"down": {"uv": [12, 0, 0, 0], "texture": "#3"}
			}
		},
		{
			"from": [3.49, 3, 4],
			"to": [3.49, 9, 12],
			"faces": {
				"north": {"uv": [0, 0, 0, 8], "texture": "#3"},
				"east": {"uv": [0, 8, 12, 16], "texture": "#3"},
				"south": {"uv": [0, 0, 0, 8], "texture": "#3"},
				"west": {"uv": [0, 0, 12, 8], "texture": "#3"},
				"up": {"uv": [12, 0, 0, 0], "rotation": 270, "texture": "#3"},
				"down": {"uv": [12, 0, 0, 0], "rotation": 90, "texture": "#3"}
			}
		},
		{
			"from": [12.51, 3, 4],
			"to": [12.51, 9, 12],
			"faces": {
				"north": {"uv": [0, 0, 0, 8], "texture": "#3"},
				"east": {"uv": [0, 0, 12, 8], "texture": "#3"},
				"south": {"uv": [0, 0, 0, 8], "texture": "#3"},
				"west": {"uv": [0, 8, 12, 16], "texture": "#3"},
				"up": {"uv": [12, 0, 0, 0], "rotation": 270, "texture": "#3"},
				"down": {"uv": [12, 0, 0, 0], "rotation": 90, "texture": "#3"}
			}
		}
	],
	"display": {
		"thirdperson_righthand": {
			"rotation": [0, 33, 0],
			"translation": [0, 3, 0],
			"scale": [0.51, 0.51, 0.51]
		},
		"thirdperson_lefthand": {
			"rotation": [0, 33, 0],
			"translation": [0, 3, 0],
			"scale": [0.51, 0.51, 0.51]
		},
		"firstperson_righthand": {
			"rotation": [0, 33, 0],
			"translation": [0, 7, 0]
		},
		"firstperson_lefthand": {
			"rotation": [0, 33, 0],
			"translation": [0, 7, 0]
		},
		"ground": {
			"translation": [0, 1.5, 0],
			"scale": [0.31, 0.31, 0.31]
		},
		"gui": {
			"rotation": [7, -66, 0],
			"translation": [0, 2.75, 0]
		},
		"head": {
			"rotation": [12, 0, 0],
			"translation": [0, 17, 2.5],
			"scale": [1.81, 1.81, 1.81]
		},
		"fixed": {
			"rotation": [-90, 0, 0],
			"translation": [0, 0, -20.5],
			"scale": [2.71, 2.71, 2.71]
		}
	}
}