{
	"credit": "Made with Blockbench",
	"texture_size": [32, 32],
	"textures": {
		"0": "./blockbench/fish_bowl_texture_1",
		"1": "./blockbench/fish_bowl_texture_2",
		"2": "./blockbench/fish_bowl_texture_3",
		"particle": "./blockbench/fish_bowl_texture_1"
	},
	"elements": [
		{
			"from": [3, 0, 3],
			"to": [13, 8, 13],
			"faces": {
				"north": {"uv": [5, 0, 10, 4], "texture": "#0"},
				"east": {"uv": [5, 4, 10, 8], "texture": "#0"},
				"south": {"uv": [5, 8, 10, 12], "texture": "#0"},
				"west": {"uv": [0, 10, 5, 14], "texture": "#0"},
				"up": {"uv": [5, 5, 0, 0], "texture": "#0"},
				"down": {"uv": [5, 5, 0, 10], "texture": "#0"}
			}
		},
		{
			"from": [3.5, 0.5, 3.5],
			"to": [12.5, 7.5, 12.5],
			"faces": {
				"north": {"uv": [4, 0, 8, 3], "texture": "#2"},
				"east": {"uv": [4, 3, 8, 6], "texture": "#2"},
				"south": {"uv": [4, 6, 8, 9], "texture": "#2"},
				"west": {"uv": [0, 8, 4, 11], "texture": "#2"},
				"up": {"uv": [4, 4, 0, 0], "texture": "#2"},
				"down": {"uv": [4, 4, 0, 8], "texture": "#2"}
			}
		},
		{
			"from": [5, 8, 5],
			"to": [11, 9, 11],
			"faces": {
				"north": {"uv": [6, 0, 12, 1], "texture": "#1"},
				"east": {"uv": [6, 1, 12, 2], "texture": "#1"},
				"south": {"uv": [6, 2, 12, 3], "texture": "#1"},
				"west": {"uv": [6, 3, 12, 4], "texture": "#1"},
				"up": {"uv": [6, 6, 0, 0], "texture": "#1"},
				"down": {"uv": [6, 6, 0, 12], "texture": "#1"}
			}
		}
	],
	"display": {
		"thirdperson_righthand": {
			"rotation": [0, 33, 0],
			"translation": [0, 2.25, 0],
			"scale": [0.54, 0.54, 0.54]
		},
		"thirdperson_lefthand": {
			"rotation": [0, 33, 0],
			"translation": [0, 2.25, 0],
			"scale": [0.54, 0.54, 0.54]
		},
		"firstperson_righthand": {
			"rotation": [0, 13, 0],
			"translation": [0.25, 7, -2.5]
		},
		"firstperson_lefthand": {
			"rotation": [0, 13, 0],
			"translation": [0.25, 7, -2.5]
		},
		"ground": {
			"translation": [0, 1.5, 0],
			"scale": [0.53, 0.53, 0.53]
		},
		"gui": {
			"rotation": [25, 29, 0],
			"translation": [0, 3.25, 0]
		},
		"head": {
			"translation": [0, 7.5, 0],
			"scale": [1.81, 1.9, 1.81]
		},
		"fixed": {
			"rotation": [-90, 0, 0],
			"translation": [0, 0, -22.5],
			"scale": [3.05, 3.05, 3.05]
		}
	}
}