{
	"credit": "Made with Blockbench",
	"textures": {
		"0": "./blockbench/miners_helmet_texture_1",
		"1": "./blockbench/miners_helmet_texture_2",
		"2": "./blockbench/miners_helmet_texture_4",
		"particle": "./blockbench/miners_helmet_texture_1"
	},
	"elements": [
		{
			"from": [3.8, -0.1, 2.8],
			"to": [12.2, 0.9, 12.2],
			"faces": {
				"north": {"uv": [0, 8, 8, 9], "texture": "#2"},
				"east": {"uv": [0, 8, 8, 9], "texture": "#2"},
				"south": {"uv": [0, 8, 8, 9], "texture": "#2"},
				"west": {"uv": [0, 8, 8, 9], "texture": "#2"},
				"up": {"uv": [8, 9, 0, 0], "texture": "#2"},
				"down": {"uv": [16, 0, 8, 9], "texture": "#2"}
			}
		},
		{
			"from": [3.8, 0.91, 3.8],
			"to": [12.2, 6.11, 12.2],
			"faces": {
				"north": {"uv": [4, 0, 8, 2.5], "texture": "#0"},
				"east": {"uv": [4, 2.5, 8, 5], "texture": "#0"},
				"south": {"uv": [4, 5, 8, 7.5], "texture": "#0"},
				"west": {"uv": [4, 7.5, 8, 10], "texture": "#0"},
				"up": {"uv": [4, 4, 0, 0], "texture": "#0"},
				"down": {"uv": [4, 4, 0, 8], "texture": "#0"}
			}
		},
		{
			"from": [4, 1, 4],
			"to": [12, 6, 12],
			"faces": {
				"north": {"uv": [4, 0, 8, 2.5], "texture": "#1"},
				"east": {"uv": [4, 2.5, 8, 5], "texture": "#1"},
				"south": {"uv": [4, 5, 8, 7.5], "texture": "#1"},
				"west": {"uv": [4, 7.5, 8, 10], "texture": "#1"},
				"up": {"uv": [4, 4, 0, 0], "texture": "#1"},
				"down": {"uv": [4, 4, 0, 8], "texture": "#1"}
			}
		}
	],
	"display": {
		"thirdperson_righthand": {
			"rotation": [0, 33, 0],
			"translation": [0, 2.75, 0],
			"scale": [0.48, 0.48, 0.48]
		},
		"thirdperson_lefthand": {
			"rotation": [0, 33, 0],
			"translation": [0, 2.75, 0],
			"scale": [0.48, 0.48, 0.48]
		},
		"firstperson_righthand": {
			"rotation": [0, 119, 0],
			"translation": [0.5, 6.25, 0.5],
			"scale": [0.68, 0.68, 0.68]
		},
		"firstperson_lefthand": {
			"rotation": [0, 119, 0],
			"translation": [0.5, 6.25, 0.5],
			"scale": [0.68, 0.68, 0.68]
		},
		"ground": {
			"translation": [0, 2.25, 0],
			"scale": [0.4, 0.4, 0.4]
		},
		"gui": {
			"rotation": [27, 139, 0],
			"translation": [0.25, 4, 0]
		},
		"head": {
			"translation": [0, 13.75, 0],
			"scale": [1.81, 1.5, 1.81]
		},
		"fixed": {
			"translation": [0, 3.75, 0]
		}
	}
}