{
	"credit": "Made with Blockbench",
	"textures": {
		"0": "./blockbench/light_bulb_screw_texture",
		"1": "./blockbench/light_bulb_light_texture",
		"2": "./blockbench/light_bulb_texture_1",
		"3": "./blockbench/light_bulb_texture_2",
		"4": "./blockbench/light_bulb_texture_3",
		"particle": "./blockbench/light_bulb_screw_texture"
	},
	"elements": [
		{
			"from": [6.5, 2, 6.5],
			"to": [9.5, 5, 9.5],
			"faces": {
				"north": {"uv": [0, 0, 3, 3], "texture": "#3"},
				"east": {"uv": [0, 3, 3, 6], "texture": "#3"},
				"south": {"uv": [3, 0, 6, 3], "texture": "#3"},
				"west": {"uv": [3, 3, 6, 6], "texture": "#3"},
				"up": {"uv": [3, 9, 0, 6], "texture": "#3"},
				"down": {"uv": [9, 0, 6, 3], "texture": "#3"}
			}
		},
		{
			"from": [5.5, 5, 5.5],
			"to": [10.5, 6, 10.5],
			"faces": {
				"north": {"uv": [5, 0, 10, 1], "texture": "#4"},
				"east": {"uv": [5, 1, 10, 2], "texture": "#4"},
				"south": {"uv": [5, 2, 10, 3], "texture": "#4"},
				"west": {"uv": [5, 3, 10, 4], "texture": "#4"},
				"up": {"uv": [5, 5, 0, 0], "texture": "#4"},
				"down": {"uv": [5, 5, 0, 10], "texture": "#4"}
			}
		},
		{
			"from": [7, 0, 7],
			"to": [9, 2, 9],
			"faces": {
				"north": {"uv": [0, 0, 2, 2], "texture": "#0"},
				"east": {"uv": [0, 2, 2, 4], "texture": "#0"},
				"south": {"uv": [2, 0, 4, 2], "texture": "#0"},
				"west": {"uv": [2, 2, 4, 4], "texture": "#0"},
				"up": {"uv": [2, 6, 0, 4], "texture": "#0"},
				"down": {"uv": [6, 0, 4, 2], "texture": "#0"}
			}
		},
		{
			"from": [5, 6, 5],
			"to": [11, 11, 11],
			"faces": {
				"north": {"uv": [3, 0, 6, 2.5], "texture": "#2"},
				"east": {"uv": [3, 2.5, 6, 5], "texture": "#2"},
				"south": {"uv": [3, 5, 6, 7.5], "texture": "#2"},
				"west": {"uv": [0, 6, 3, 8.5], "texture": "#2"},
				"up": {"uv": [3, 3, 0, 0], "texture": "#2"},
				"down": {"uv": [3, 3, 0, 6], "texture": "#2"}
			}
		},
		{
			"from": [0, 0.5, 8],
			"to": [16, 16.5, 8],
			"faces": {
				"north": {"uv": [0, 0, 7.5, 7], "texture": "#1"},
				"east": {"uv": [0, 0, 0, 7], "texture": "#1"},
				"south": {"uv": [0, 0, 7.5, 7], "texture": "#1"},
				"west": {"uv": [0, 0, 0, 7], "texture": "#1"},
				"up": {"uv": [7.5, 0, 0, 0], "texture": "#1"},
				"down": {"uv": [7.5, 0, 0, 0], "texture": "#1"}
			}
		},
		{
			"from": [8, 0.5, 0],
			"to": [8, 16.5, 16],
			"faces": {
				"north": {"uv": [0, 0, 0, 7], "texture": "#1"},
				"east": {"uv": [0, 0, 7.5, 7], "texture": "#1"},
				"south": {"uv": [0, 0, 0, 7], "texture": "#1"},
				"west": {"uv": [0, 0, 7.5, 7], "texture": "#1"},
				"up": {"uv": [7.5, 0, 0, 0], "rotation": 270, "texture": "#1"},
				"down": {"uv": [7.5, 0, 0, 0], "rotation": 90, "texture": "#1"}
			}
		}
	],
	"display": {
		"thirdperson_righthand": {
			"rotation": [0, 33, 0],
			"translation": [0, 3, 1.25],
			"scale": [0.6, 0.6, 0.6]
		},
		"thirdperson_lefthand": {
			"rotation": [0, 33, 0],
			"translation": [0, 3, 1.25],
			"scale": [0.6, 0.6, 0.6]
		},
		"firstperson_righthand": {
			"rotation": [0, 12, 0],
			"translation": [0, 4.5, 0]
		},
		"firstperson_lefthand": {
			"rotation": [0, 12, 0],
			"translation": [0, 4.5, 0]
		},
		"ground": {
			"translation": [0, 1.5, 0],
			"scale": [0.38, 0.39, 0.38]
		},
		"gui": {
			"rotation": [27, 24, 0],
			"scale": [0.72, 0.72, 0.72]
		},
		"head": {
			"translation": [0, 19.75, 0],
			"scale": [1.41, 1.41, 1.41]
		},
		"fixed": {
			"rotation": [-90, 0, 0],
			"translation": [0, 0, -20],
			"scale": [2.59, 2.59, 2.59]
		}
	}
}