{
	"credit": "Made with Blockbench",
	"textures": {
		"0": "./blockbench/miners_helmet_lamp_texture",
		"1": "./blockbench/miners_helmet_texture_1",
		"2": "./blockbench/miners_helmet_texture_2",
		"3": "./blockbench/miners_helmet_texture_4",
		"particle": "./blockbench/miners_helmet_lamp_texture"
	},
	"elements": [
		{
			"from": [4, 1, 4],
			"to": [12, 6, 12],
			"faces": {
				"north": {"uv": [4, 0, 8, 2.5], "texture": "#2"},
				"east": {"uv": [4, 2.5, 8, 5], "texture": "#2"},
				"south": {"uv": [4, 5, 8, 7.5], "texture": "#2"},
				"west": {"uv": [4, 7.5, 8, 10], "texture": "#2"},
				"up": {"uv": [4, 4, 0, 0], "texture": "#2"},
				"down": {"uv": [4, 4, 0, 8], "texture": "#2"}
			}
		},
		{
			"from": [3.8, 0.91, 3.8],
			"to": [12.2, 6.11, 12.2],
			"faces": {
				"north": {"uv": [4, 0, 8, 2.5], "texture": "#1"},
				"east": {"uv": [4, 2.5, 8, 5], "texture": "#1"},
				"south": {"uv": [4, 5, 8, 7.5], "texture": "#1"},
				"west": {"uv": [4, 7.5, 8, 10], "texture": "#1"},
				"up": {"uv": [4, 4, 0, 0], "texture": "#1"},
				"down": {"uv": [4, 4, 0, 8], "texture": "#1"}
			}
		},
		{
			"from": [3.8, -0.1, 2.8],
			"to": [12.2, 0.9, 12.2],
			"faces": {
				"north": {"uv": [0, 8, 8, 9], "texture": "#3"},
				"east": {"uv": [0, 8, 8, 9], "texture": "#3"},
				"south": {"uv": [0, 8, 8, 9], "texture": "#3"},
				"west": {"uv": [0, 8, 8, 9], "texture": "#3"},
				"up": {"uv": [8, 9, 0, 0], "texture": "#3"},
				"down": {"uv": [16, 0, 8, 9], "texture": "#3"}
			}
		},
		{
			"from": [6, 1, 3],
			"to": [10, 5, 4],
			"faces": {
				"north": {"uv": [0, 0, 4, 4], "texture": "#0"},
				"east": {"uv": [4, 0, 5, 4], "texture": "#0"},
				"south": {"uv": [0, 4, 4, 8], "texture": "#0"},
				"west": {"uv": [4, 4, 5, 8], "texture": "#0"},
				"up": {"uv": [9, 1, 5, 0], "texture": "#0"},
				"down": {"uv": [9, 1, 5, 2], "texture": "#0"}
			}
		}
	],
	"display": {
		"thirdperson_righthand": {
			"rotation": [0, 33, 0],
			"translation": [0, 3.25, 0],
			"scale": [0.61, 0.61, 0.61]
		},
		"thirdperson_lefthand": {
			"rotation": [0, 33, 0],
			"translation": [0, 3.25, 0],
			"scale": [0.61, 0.61, 0.61]
		},
		"firstperson_righthand": {
			"rotation": [0, 122, 0],
			"translation": [0, 8.75, 0]
		},
		"firstperson_lefthand": {
			"rotation": [0, 122, 0],
			"translation": [0, 8.75, 0]
		},
		"ground": {
			"translation": [0, 2.25, 0],
			"scale": [0.51, 0.51, 0.51]
		},
		"gui": {
			"rotation": [34, 132, 0],
			"translation": [0.25, 4.25, 0]
		},
		"head": {
			"translation": [0, 12.75, 0],
			"scale": [1.81, 1.38, 1.81]
		},
		"fixed": {
			"rotation": [-90, 2, 0],
			"translation": [0, 0, -24.25],
			"scale": [3.14, 3.14, 3.14]
		}
	}
}