{
	"credit": "Made with Blockbench",
	"textures": {
		"0": "./blockbench/rice_farmer_hat_texture_1",
		"particle": "./blockbench/rice_farmer_hat_texture_1"
	},
	"elements": [
		{
			"from": [2, 0, 2],
			"to": [14, 1, 14],
			"faces": {
				"north": {"uv": [0, 0, 12, 1], "texture": "#0"},
				"east": {"uv": [0, 0, 12, 1], "texture": "#0"},
				"south": {"uv": [0, 0, 12, 1], "texture": "#0"},
				"west": {"uv": [0, 0, 12, 1], "texture": "#0"},
				"up": {"uv": [0, 0, 12, 12], "texture": "#0"},
				"down": {"uv": [0, 0, 12, 12], "texture": "#0"}
			}
		},
		{
			"from": [4, 0, 1],
			"to": [12, 1, 2],
			"faces": {
				"north": {"uv": [0, 0, 8, 1], "texture": "#0"},
				"east": {"uv": [0, 0, 1, 1], "texture": "#0"},
				"south": {"uv": [0, 0, 8, 1], "texture": "#0"},
				"west": {"uv": [0, 0, 1, 1], "texture": "#0"},
				"up": {"uv": [0, 0, 8, 1], "texture": "#0"},
				"down": {"uv": [0, 0, 8, 1], "texture": "#0"}
			}
		},
		{
			"from": [4, 0, 14],
			"to": [12, 1, 15],
			"faces": {
				"north": {"uv": [0, 0, 8, 1], "texture": "#0"},
				"east": {"uv": [0, 4, 1, 5], "texture": "#0"},
				"south": {"uv": [0, 1, 8, 2], "texture": "#0"},
				"west": {"uv": [1, 4, 2, 5], "texture": "#0"},
				"up": {"uv": [8, 3, 0, 2], "texture": "#0"},
				"down": {"uv": [8, 3, 0, 4], "texture": "#0"}
			}
		},
		{
			"from": [1, 0, 4],
			"to": [2, 1, 12],
			"faces": {
				"north": {"uv": [0, 0, 1, 1], "texture": "#0"},
				"east": {"uv": [0, 0, 8, 1], "texture": "#0"},
				"south": {"uv": [0, 0, 1, 1], "texture": "#0"},
				"west": {"uv": [0, 0, 8, 1], "texture": "#0"},
				"up": {"uv": [0, 0, 1, 8], "texture": "#0"},
				"down": {"uv": [0, 0, 1, 8], "texture": "#0"}
			}
		},
		{
			"from": [14, 0, 4],
			"to": [15, 1, 12],
			"faces": {
				"north": {"uv": [0, 0, 1, 1], "texture": "#0"},
				"east": {"uv": [0, 0, 8, 1], "texture": "#0"},
				"south": {"uv": [0, 0, 1, 1], "texture": "#0"},
				"west": {"uv": [0, 0, 8, 1], "texture": "#0"},
				"up": {"uv": [0, 0, 1, 8], "texture": "#0"},
				"down": {"uv": [0, 0, 1, 8], "texture": "#0"}
			}
		},
		{
			"from": [4, 0.5, 4],
			"to": [12, 1.5, 12],
			"faces": {
				"north": {"uv": [0, 0, 8, 1], "texture": "#0"},
				"east": {"uv": [0, 0, 8, 1], "texture": "#0"},
				"south": {"uv": [0, 0, 8, 1], "texture": "#0"},
				"west": {"uv": [0, 0, 8, 1], "texture": "#0"},
				"up": {"uv": [0, 0, 8, 8], "texture": "#0"},
				"down": {"uv": [0, 0, 8, 8], "texture": "#0"}
			}
		},
		{
			"from": [6, 1, 6],
			"to": [10, 2, 10],
			"faces": {
				"north": {"uv": [0, 0, 4, 1], "texture": "#0"},
				"east": {"uv": [0, 0, 4, 1], "texture": "#0"},
				"south": {"uv": [0, 0, 4, 1], "texture": "#0"},
				"west": {"uv": [0, 0, 4, 1], "texture": "#0"},
				"up": {"uv": [0, 0, 4, 4], "texture": "#0"},
				"down": {"uv": [0, 0, 4, 4], "texture": "#0"}
			}
		},
		{
			"from": [7.5, 2, 7.5],
			"to": [8.5, 3, 8.5],
			"faces": {
				"north": {"uv": [0, 0, 1, 1], "texture": "#0"},
				"east": {"uv": [0, 0, 1, 1], "texture": "#0"},
				"south": {"uv": [0, 0, 1, 1], "texture": "#0"},
				"west": {"uv": [0, 0, 1, 1], "texture": "#0"},
				"up": {"uv": [0, 0, 1, 1], "texture": "#0"},
				"down": {"uv": [0, 0, 1, 1], "texture": "#0"}
			}
		}
	],
	"display": {
		"thirdperson_righthand": {
			"rotation": [0, 33, 0],
			"translation": [0, 3.75, 0],
			"scale": [0.56, 0.56, 0.56]
		},
		"thirdperson_lefthand": {
			"rotation": [0, 33, 0],
			"translation": [0, 3.75, 0],
			"scale": [0.56, 0.65, 0.56]
		},
		"firstperson_righthand": {
			"translation": [0, 8.25, 0]
		},
		"firstperson_lefthand": {
			"translation": [0, 8.75, 0]
		},
		"ground": {
			"translation": [0, 2.25, 0],
			"scale": [0.42, 0.42, 0.42]
		},
		"gui": {
			"rotation": [32, 20, 0],
			"translation": [0, 4.75, 0],
			"scale": [0.88, 0.88, 0.88]
		},
		"head": {
			"rotation": [6, 0, 0],
			"translation": [0, 19.25, 1.5],
			"scale": [1.81, 1.81, 1.81]
		},
		"fixed": {
			"translation": [0, 5, 0]
		}
	}
}