{
	"credit": "Made with Blockbench",
	"textures": {
		"0": "./blockbench/santa_hat_texture_1",
		"1": "./blockbench/santa_hat_texture_2",
		"2": "./blockbench/santa_hat_texture_3",
		"3": "./blockbench/santa_hat_texture_4",
		"particle": "./blockbench/santa_hat_texture_1"
	},
	"elements": [
		{
			"from": [4, 7.5, 7],
			"to": [6, 9.5, 9],
			"rotation": {"angle": 45, "axis": "z", "origin": [0, 6, 0]},
			"faces": {
				"north": {"uv": [0, 0, 2, 2], "texture": "#3"},
				"east": {"uv": [0, 2, 2, 4], "texture": "#3"},
				"south": {"uv": [2, 0, 4, 2], "texture": "#3"},
				"west": {"uv": [2, 2, 4, 4], "texture": "#3"},
				"up": {"uv": [2, 6, 0, 4], "texture": "#3"},
				"down": {"uv": [6, 0, 4, 2], "texture": "#3"}
			}
		},
		{
			"from": [3, 6, 4],
			"to": [12, 9, 12],
			"rotation": {"angle": 0, "axis": "y", "origin": [0, 6, 0]},
			"faces": {
				"north": {"uv": [4.5, 0, 9, 1.5], "texture": "#1"},
				"east": {"uv": [4.5, 3, 8.5, 4.5], "texture": "#1"},
				"south": {"uv": [4.5, 1.5, 9, 3], "texture": "#1"},
				"west": {"uv": [4.5, 4.5, 8.5, 6], "texture": "#1"},
				"up": {"uv": [4.5, 4, 0, 0], "texture": "#1"},
				"down": {"uv": [4.5, 4, 0, 8], "texture": "#1"}
			}
		},
		{
			"from": [2.8, 5.9, 3.8],
			"to": [12.2, 9.1, 12.2],
			"rotation": {"angle": 0, "axis": "y", "origin": [0, 6, 0]},
			"faces": {
				"north": {"uv": [4.5, 0, 9, 1.5], "texture": "#0"},
				"east": {"uv": [4.5, 3, 8.5, 4.5], "texture": "#0"},
				"south": {"uv": [4.5, 1.5, 9, 3], "texture": "#0"},
				"west": {"uv": [4.5, 4.5, 8.5, 6], "texture": "#0"},
				"up": {"uv": [4.5, 4, 0, 0], "texture": "#0"},
				"down": {"uv": [4.5, 4, 0, 8], "texture": "#0"}
			}
		},
		{
			"from": [1, 10.5, 5.5],
			"to": [4, 15.5, 10.5],
			"rotation": {"angle": -22.5, "axis": "z", "origin": [0, 6, 0]},
			"faces": {
				"north": {"uv": [5, 0, 8, 5], "texture": "#3"},
				"east": {"uv": [0, 0, 5, 5], "texture": "#3"},
				"south": {"uv": [5, 5, 8, 10], "texture": "#3"},
				"west": {"uv": [0, 5, 5, 10], "texture": "#3"},
				"up": {"uv": [11, 5, 8, 0], "texture": "#3"},
				"down": {"uv": [11, 5, 8, 10], "texture": "#3"}
			}
		},
		{
			"from": [4, 9, 6.5],
			"to": [6, 12, 9.5],
			"rotation": {"angle": 22.5, "axis": "z", "origin": [0, 6, 0]},
			"faces": {
				"north": {"uv": [3, 0, 5, 3], "texture": "#3"},
				"east": {"uv": [0, 0, 3, 3], "texture": "#3"},
				"south": {"uv": [3, 3, 5, 6], "texture": "#3"},
				"west": {"uv": [0, 3, 3, 6], "texture": "#3"},
				"up": {"uv": [7, 3, 5, 0], "texture": "#3"},
				"down": {"uv": [7, 3, 5, 6], "texture": "#3"}
			}
		},
		{
			"from": [-2.5, 8, 6.5],
			"to": [0.5, 11, 9.5],
			"rotation": {"angle": -22.5, "axis": "z", "origin": [0, 6, 0]},
			"faces": {
				"north": {"uv": [0, 0, 3, 3], "texture": "#2"},
				"east": {"uv": [0, 3, 3, 6], "texture": "#2"},
				"south": {"uv": [3, 0, 6, 3], "texture": "#2"},
				"west": {"uv": [3, 3, 6, 6], "texture": "#2"},
				"up": {"uv": [3, 9, 0, 6], "texture": "#2"},
				"down": {"uv": [9, 0, 6, 3], "texture": "#2"}
			}
		},
		{
			"from": [3, 10, 6],
			"to": [5, 14, 10],
			"rotation": {"angle": 0, "axis": "y", "origin": [0, 6, 0]},
			"faces": {
				"north": {"uv": [4, 0, 6, 4], "texture": "#3"},
				"east": {"uv": [0, 0, 4, 4], "texture": "#3"},
				"south": {"uv": [4, 4, 6, 8], "texture": "#3"},
				"west": {"uv": [0, 4, 4, 8], "texture": "#3"},
				"up": {"uv": [8, 4, 6, 0], "texture": "#3"},
				"down": {"uv": [8, 4, 6, 8], "texture": "#3"}
			}
		},
		{
			"from": [4.5, 3.5, 5],
			"to": [10.5, 6.5, 11],
			"rotation": {"angle": 45, "axis": "z", "origin": [0, 6, 0]},
			"faces": {
				"north": {"uv": [6, 0, 12, 3], "texture": "#3"},
				"east": {"uv": [6, 3, 12, 6], "texture": "#3"},
				"south": {"uv": [6, 6, 12, 9], "texture": "#3"},
				"west": {"uv": [6, 9, 12, 12], "texture": "#3"},
				"up": {"uv": [6, 6, 0, 0], "texture": "#3"},
				"down": {"uv": [6, 6, 0, 12], "texture": "#3"}
			}
		},
		{
			"from": [4.5, 4, 4.5],
			"to": [11.5, 8, 11.5],
			"rotation": {"angle": 22.5, "axis": "z", "origin": [0, 6, 0]},
			"faces": {
				"north": {"uv": [7, 0, 14, 4], "texture": "#3"},
				"east": {"uv": [7, 4, 14, 8], "texture": "#3"},
				"south": {"uv": [7, 8, 14, 12], "texture": "#3"},
				"west": {"uv": [7, 12, 14, 16], "texture": "#3"},
				"up": {"uv": [7, 7, 0, 0], "texture": "#3"},
				"down": {"uv": [7, 7, 0, 14], "texture": "#3"}
			}
		}
	],
	"display": {
		"thirdperson_righthand": {
			"rotation": [0, 33, 0],
			"scale": [0.61, 0.61, 0.61]
		},
		"thirdperson_lefthand": {
			"rotation": [0, 33, 0],
			"scale": [0.61, 0.61, 0.61]
		},
		"firstperson_righthand": {
			"rotation": [0, 139, 0],
			"translation": [0, 4, 0]
		},
		"firstperson_lefthand": {
			"rotation": [0, 8, 0],
			"translation": [0, 4, 0]
		},
		"ground": {
			"translation": [0, 0.75, 0],
			"scale": [0.36, 0.36, 0.36]
		},
		"gui": {
			"rotation": [35, 139, 0],
			"translation": [-1, 0, 0]
		},
		"head": {
			"rotation": [10, 0, 0],
			"translation": [1, 4.5, 0.5],
			"scale": [1.93, 1.93, 1.93]
		}
	},
	"groups": [
		{
			"name": "hat",
			"origin": [8, 8, 8],
			"color": 0,
			"nbt": "{}",
			"armAnimationEnabled": false,
			"children": [0, 1, 2, 3, 4, 5, 6, 7, 8]
		}
	]
}