{
	"credit": "Made with Blockbench",
	"textures": {
		"0": "./blockbench/beard_texture_1",
		"1": "./blockbench/beard_texture_2",
		"2": "./blockbench/beard_texture_3",
		"3": "./blockbench/beard_texture_4",
		"4": "./blockbench/beard_texture_5",
		"5": "./blockbench/santa_hat_texture_1",
		"6": "./blockbench/santa_hat_texture_2",
		"7": "./blockbench/santa_hat_texture_3",
		"8": "./blockbench/santa_hat_texture_4",
		"particle": "./blockbench/beard_texture_1"
	},
	"elements": [
		{
			"from": [3, -4, 3],
			"to": [13, 3, 4.5],
			"rotation": {"angle": 0, "axis": "y", "origin": [0, -4, 2]},
			"faces": {
				"north": {"uv": [0, 0, 5, 3.5], "texture": "#0"},
				"east": {"uv": [5, 2, 6, 5.5], "texture": "#0"},
				"south": {"uv": [0, 0, 5, 3.5], "texture": "#0"},
				"west": {"uv": [5, 5.5, 6, 9], "texture": "#0"},
				"up": {"uv": [5, 0, 0, 1], "texture": "#0"},
				"down": {"uv": [5, 2.5, 0, 3.5], "texture": "#0"}
			}
		},
		{
			"from": [5, -6, 4],
			"to": [11, -4, 4.5],
			"rotation": {"angle": 0, "axis": "y", "origin": [0, -4, 2]},
			"faces": {
				"north": {"uv": [0, 0, 6, 2], "texture": "#4"},
				"east": {"uv": [6, 0, 8, 2], "texture": "#4"},
				"south": {"uv": [0, 2, 6, 4], "texture": "#4"},
				"west": {"uv": [6, 2, 8, 4], "texture": "#4"},
				"up": {"uv": [6, 6, 0, 4], "texture": "#4"},
				"down": {"uv": [6, 6, 0, 8], "texture": "#4"}
			}
		},
		{
			"from": [5, 3, 4],
			"to": [11, 5, 4.5],
			"rotation": {"angle": 0, "axis": "y", "origin": [0, -4, 2]},
			"faces": {
				"north": {"uv": [0, 0, 6, 2], "texture": "#1"},
				"east": {"uv": [6, 0, 8, 2], "texture": "#1"},
				"south": {"uv": [0, 2, 6, 4], "texture": "#1"},
				"west": {"uv": [6, 2, 8, 4], "texture": "#1"},
				"up": {"uv": [6, 6, 0, 4], "texture": "#1"},
				"down": {"uv": [6, 6, 0, 8], "texture": "#1"}
			}
		},
		{
			"from": [9.1, -2, 3],
			"to": [13.1, 0, 4.5],
			"rotation": {"angle": 45, "axis": "z", "origin": [0, -4, 2]},
			"faces": {
				"north": {"uv": [0, 0, 4, 2], "texture": "#3"},
				"east": {"uv": [4, 2, 6, 4], "texture": "#3"},
				"south": {"uv": [0, 2, 4, 4], "texture": "#3"},
				"west": {"uv": [4, 4, 6, 6], "texture": "#3"},
				"up": {"uv": [4, 6, 0, 4], "texture": "#3"},
				"down": {"uv": [8, 0, 4, 2], "texture": "#3"}
			}
		},
		{
			"from": [-2, 9, 3],
			"to": [2, 11, 4.5],
			"rotation": {"angle": -45, "axis": "z", "origin": [0, -4, 2]},
			"faces": {
				"north": {"uv": [0, 0, 4, 2], "texture": "#2"},
				"east": {"uv": [4, 2, 6, 4], "texture": "#2"},
				"south": {"uv": [0, 2, 4, 4], "texture": "#2"},
				"west": {"uv": [4, 4, 6, 6], "texture": "#2"},
				"up": {"uv": [4, 6, 0, 4], "texture": "#2"},
				"down": {"uv": [8, 0, 4, 2], "texture": "#2"}
			}
		},
		{
			"from": [4, 12.5, 7],
			"to": [6, 14.5, 9],
			"rotation": {"angle": 45, "axis": "z", "origin": [0, 11, 0]},
			"faces": {
				"north": {"uv": [0, 0, 2, 2], "texture": "#8"},
				"east": {"uv": [0, 2, 2, 4], "texture": "#8"},
				"south": {"uv": [2, 0, 4, 2], "texture": "#8"},
				"west": {"uv": [2, 2, 4, 4], "texture": "#8"},
				"up": {"uv": [2, 6, 0, 4], "texture": "#8"},
				"down": {"uv": [6, 0, 4, 2], "texture": "#8"}
			}
		},
		{
			"from": [3, 11, 4],
			"to": [12, 14, 12],
			"rotation": {"angle": 0, "axis": "z", "origin": [0, 11, 0]},
			"faces": {
				"north": {"uv": [4.5, 0, 9, 1.5], "texture": "#6"},
				"east": {"uv": [4.5, 3, 8.5, 4.5], "texture": "#6"},
				"south": {"uv": [4.5, 1.5, 9, 3], "texture": "#6"},
				"west": {"uv": [4.5, 4.5, 8.5, 6], "texture": "#6"},
				"up": {"uv": [4.5, 4, 0, 0], "texture": "#6"},
				"down": {"uv": [4.5, 4, 0, 8], "texture": "#6"}
			}
		},
		{
			"from": [2.8, 10.9, 3.8],
			"to": [12.2, 14.1, 12.2],
			"rotation": {"angle": 0, "axis": "z", "origin": [0, 11, 0]},
			"faces": {
				"north": {"uv": [4.5, 0, 9, 1.5], "texture": "#5"},
				"east": {"uv": [4.5, 3, 8.5, 4.5], "texture": "#5"},
				"south": {"uv": [4.5, 1.5, 9, 3], "texture": "#5"},
				"west": {"uv": [4.5, 4.5, 8.5, 6], "texture": "#5"},
				"up": {"uv": [4.5, 4, 0, 0], "texture": "#5"},
				"down": {"uv": [4.5, 4, 0, 8], "texture": "#5"}
			}
		},
		{
			"from": [1, 15.5, 5.5],
			"to": [4, 20.5, 10.5],
			"rotation": {"angle": -22.5, "axis": "z", "origin": [0, 11, 0]},
			"faces": {
				"north": {"uv": [5, 0, 8, 5], "texture": "#8"},
				"east": {"uv": [0, 0, 5, 5], "texture": "#8"},
				"south": {"uv": [5, 5, 8, 10], "texture": "#8"},
				"west": {"uv": [0, 5, 5, 10], "texture": "#8"},
				"up": {"uv": [11, 5, 8, 0], "texture": "#8"},
				"down": {"uv": [11, 5, 8, 10], "texture": "#8"}
			}
		},
		{
			"from": [4, 14, 6.5],
			"to": [6, 17, 9.5],
			"rotation": {"angle": 22.5, "axis": "z", "origin": [0, 11, 0]},
			"faces": {
				"north": {"uv": [3, 0, 5, 3], "texture": "#8"},
				"east": {"uv": [0, 0, 3, 3], "texture": "#8"},
				"south": {"uv": [3, 3, 5, 6], "texture": "#8"},
				"west": {"uv": [0, 3, 3, 6], "texture": "#8"},
				"up": {"uv": [7, 3, 5, 0], "texture": "#8"},
				"down": {"uv": [7, 3, 5, 6], "texture": "#8"}
			}
		},
		{
			"from": [-2.5, 13, 6.5],
			"to": [0.5, 16, 9.5],
			"rotation": {"angle": -22.5, "axis": "z", "origin": [0, 11, 0]},
			"faces": {
				"north": {"uv": [0, 0, 3, 3], "texture": "#7"},
				"east": {"uv": [0, 3, 3, 6], "texture": "#7"},
				"south": {"uv": [3, 0, 6, 3], "texture": "#7"},
				"west": {"uv": [3, 3, 6, 6], "texture": "#7"},
				"up": {"uv": [3, 9, 0, 6], "texture": "#7"},
				"down": {"uv": [9, 0, 6, 3], "texture": "#7"}
			}
		},
		{
			"from": [3, 15, 6],
			"to": [5, 19, 10],
			"rotation": {"angle": 0, "axis": "z", "origin": [0, 11, 0]},
			"faces": {
				"north": {"uv": [4, 0, 6, 4], "texture": "#8"},
				"east": {"uv": [0, 0, 4, 4], "texture": "#8"},
				"south": {"uv": [4, 4, 6, 8], "texture": "#8"},
				"west": {"uv": [0, 4, 4, 8], "texture": "#8"},
				"up": {"uv": [8, 4, 6, 0], "texture": "#8"},
				"down": {"uv": [8, 4, 6, 8], "texture": "#8"}
			}
		},
		{
			"from": [4.5, 8.5, 5],
			"to": [10.5, 11.5, 11],
			"rotation": {"angle": 45, "axis": "z", "origin": [0, 11, 0]},
			"faces": {
				"north": {"uv": [6, 0, 12, 3], "texture": "#8"},
				"east": {"uv": [6, 3, 12, 6], "texture": "#8"},
				"south": {"uv": [6, 6, 12, 9], "texture": "#8"},
				"west": {"uv": [6, 9, 12, 12], "texture": "#8"},
				"up": {"uv": [6, 6, 0, 0], "texture": "#8"},
				"down": {"uv": [6, 6, 0, 12], "texture": "#8"}
			}
		},
		{
			"from": [4.5, 9, 4.5],
			"to": [11.5, 13, 11.5],
			"rotation": {"angle": 22.5, "axis": "z", "origin": [0, 11, 0]},
			"faces": {
				"north": {"uv": [7, 0, 14, 4], "texture": "#8"},
				"east": {"uv": [7, 4, 14, 8], "texture": "#8"},
				"south": {"uv": [7, 8, 14, 12], "texture": "#8"},
				"west": {"uv": [7, 12, 14, 16], "texture": "#8"},
				"up": {"uv": [7, 7, 0, 0], "texture": "#8"},
				"down": {"uv": [7, 7, 0, 14], "texture": "#8"}
			}
		}
	],
	"display": {
		"thirdperson_righthand": {
			"rotation": [0, 33, 0],
			"translation": [0.5, -1.5, 1],
			"scale": [0.44, 0.44, 0.44]
		},
		"thirdperson_lefthand": {
			"rotation": [0, 33, 0],
			"translation": [0.5, -1.5, 1],
			"scale": [0.44, 0.44, 0.44]
		},
		"firstperson_righthand": {
			"rotation": [0, 114, 0],
			"translation": [1.5, 4.75, 0.25]
		},
		"firstperson_lefthand": {
			"rotation": [0, 114, 0],
			"translation": [1.5, 4.75, 0.25]
		},
		"ground": {
			"translation": [0, 1.5, 0],
			"scale": [0.17, 0.17, 0.17]
		},
		"gui": {
			"rotation": [29, 143, 0],
			"translation": [0, 1.25, 0],
			"scale": [0.52, 0.52, 0.52]
		},
		"head": {
			"translation": [0.25, -1.75, 0],
			"scale": [1.61, 1.61, 1.61]
		}
	},
	"groups": [
		{
			"name": "beard",
			"origin": [8, 8, 8],
			"color": 0,
			"nbt": "{}",
			"armAnimationEnabled": false,
			"children": [0, 1, 2, 3, 4]
		},
		{
			"name": "hat",
			"origin": [8, 8, 8],
			"color": 0,
			"nbt": "{}",
			"armAnimationEnabled": false,
			"children": [5, 6, 7, 8, 9, 10, 11, 12, 13]
		}
	]
}