{
	"credit": "Made with Blockbench",
	"textures": {
		"0": "./blockbench/beard_texture_1",
		"1": "./blockbench/beard_texture_2",
		"2": "./blockbench/beard_texture_3",
		"3": "./blockbench/beard_texture_4",
		"particle": "./blockbench/beard_texture_1"
	},
	"elements": [
		{
			"from": [3, -4, 3],
			"to": [13, 3, 4.5],
			"rotation": {"angle": 0, "axis": "y", "origin": [0, -4, 2]},
			"faces": {
				"north": {"uv": [0, 0, 5, 3.5], "texture": "#0"},
				"east": {"uv": [5, 2, 6, 5.5], "texture": "#0"},
				"south": {"uv": [0, 0, 5, 3.5], "texture": "#0"},
				"west": {"uv": [5, 5.5, 6, 9], "texture": "#0"},
				"up": {"uv": [5, 0, 0, 1], "texture": "#0"},
				"down": {"uv": [5, 2.5, 0, 3.5], "texture": "#0"}
			}
		},
		{
			"from": [5, -6, 4],
			"to": [11, -4, 4.5],
			"rotation": {"angle": 0, "axis": "y", "origin": [0, -4, 2]},
			"faces": {
				"north": {"uv": [0, 0, 6, 2], "texture": "#1"},
				"east": {"uv": [6, 0, 8, 2], "texture": "#1"},
				"south": {"uv": [0, 2, 6, 4], "texture": "#1"},
				"west": {"uv": [6, 2, 8, 4], "texture": "#1"},
				"up": {"uv": [6, 6, 0, 4], "texture": "#1"},
				"down": {"uv": [6, 6, 0, 8], "texture": "#1"}
			}
		},
		{
			"from": [5, 3, 4],
			"to": [11, 5, 4.5],
			"rotation": {"angle": 0, "axis": "y", "origin": [0, -4, 2]},
			"faces": {
				"north": {"uv": [0, 0, 6, 2], "texture": "#1"},
				"east": {"uv": [6, 0, 8, 2], "texture": "#1"},
				"south": {"uv": [0, 2, 6, 4], "texture": "#1"},
				"west": {"uv": [6, 2, 8, 4], "texture": "#1"},
				"up": {"uv": [6, 6, 0, 4], "texture": "#1"},
				"down": {"uv": [6, 6, 0, 8], "texture": "#1"}
			}
		},
		{
			"from": [9.1, -2, 3],
			"to": [13.1, 0, 4.5],
			"rotation": {"angle": 45, "axis": "z", "origin": [0, -4, 2]},
			"faces": {
				"north": {"uv": [0, 0, 4, 2], "texture": "#2"},
				"east": {"uv": [4, 2, 6, 4], "texture": "#2"},
				"south": {"uv": [0, 2, 4, 4], "texture": "#2"},
				"west": {"uv": [4, 4, 6, 6], "texture": "#2"},
				"up": {"uv": [4, 6, 0, 4], "texture": "#2"},
				"down": {"uv": [8, 0, 4, 2], "texture": "#2"}
			}
		},
		{
			"from": [-2, 9, 3],
			"to": [2, 11, 4.5],
			"rotation": {"angle": -45, "axis": "z", "origin": [0, -4, 2]},
			"faces": {
				"north": {"uv": [0, 0, 4, 2], "texture": "#3"},
				"east": {"uv": [4, 2, 6, 4], "texture": "#3"},
				"south": {"uv": [0, 2, 4, 4], "texture": "#3"},
				"west": {"uv": [4, 4, 6, 6], "texture": "#3"},
				"up": {"uv": [4, 6, 0, 4], "texture": "#3"},
				"down": {"uv": [8, 0, 4, 2], "texture": "#3"}
			}
		}
	],
	"display": {
		"thirdperson_righthand": {
			"rotation": [0, 66, 0],
			"translation": [2.25, 1.5, 0.5],
			"scale": [0.62, 0.62, 0.62]
		},
		"thirdperson_lefthand": {
			"rotation": [0, 66, 0],
			"translation": [2.25, 1.5, 0.5],
			"scale": [0.62, 0.62, 0.62]
		},
		"firstperson_righthand": {
			"rotation": [0, 121, 0],
			"translation": [1.25, 8, 0.75]
		},
		"firstperson_lefthand": {
			"rotation": [0, 121, 0],
			"translation": [1.25, 8, 0.75]
		},
		"ground": {
			"translation": [0, 3.25, 1.75],
			"scale": [0.39, 0.39, 0.39]
		},
		"gui": {
			"rotation": [25, 148, 0],
			"translation": [2, 8, 0]
		},
		"head": {
			"translation": [0.25, -1.25, 0],
			"scale": [1.81, 1.81, 1.81]
		},
		"fixed": {
			"translation": [0, 7, 1.5]
		}
	},
	"groups": [
		{
			"name": "beard",
			"origin": [8, 8, 8],
			"color": 0,
			"nbt": "{}",
			"armAnimationEnabled": false,
			"children": [0, 1, 2, 3, 4]
		}
	]
}