{
	"credit": "Made with Blockbench",
	"textures": {
		"0": "./blockbench/snorkel_texture_1",
		"1": "./blockbench/snorkel_texture_2",
		"2": "./blockbench/snorkel_texture_3",
		"3": "./blockbench/snorkel_texture_4",
		"particle": "./blockbench/snorkel_texture_1"
	},
	"elements": [
		{
			"from": [4, 0, 4],
			"to": [12, 5, 12],
			"faces": {
				"north": {"uv": [4, 0, 8, 2.5], "texture": "#0"},
				"east": {"uv": [4, 2.5, 8, 5], "texture": "#0"},
				"south": {"uv": [4, 5, 8, 7.5], "texture": "#0"},
				"west": {"uv": [4, 7.5, 8, 10], "texture": "#0"},
				"up": {"uv": [4, 4, 0, 0], "texture": "#0"},
				"down": {"uv": [4, 4, 0, 8], "texture": "#0"}
			}
		},
		{
			"from": [3, 0, 7],
			"to": [4, 2, 9],
			"faces": {
				"north": {"uv": [2, 0, 3, 2], "texture": "#1"},
				"east": {"uv": [0, 0, 2, 2], "texture": "#1"},
				"south": {"uv": [2, 2, 3, 4], "texture": "#1"},
				"west": {"uv": [0, 2, 2, 4], "texture": "#1"},
				"up": {"uv": [4, 2, 3, 0], "texture": "#1"},
				"down": {"uv": [4, 2, 3, 4], "texture": "#1"}
			}
		},
		{
			"from": [5, 0, 3],
			"to": [7, 2, 4],
			"faces": {
				"north": {"uv": [2, 0, 4, 2], "texture": "#1"},
				"east": {"uv": [0, 2, 1, 4], "texture": "#1"},
				"south": {"uv": [0, 0, 2, 2], "texture": "#1"},
				"west": {"uv": [2, 2, 3, 4], "texture": "#1"},
				"up": {"uv": [2, 2, 4, 3], "texture": "#1"},
				"down": {"uv": [2, 3, 4, 4], "texture": "#1"}
			}
		},
		{
			"from": [3.5, -0.5, 3],
			"to": [4.5, 0.5, 9],
			"faces": {
				"north": {"uv": [2, 2, 3, 3], "texture": "#2"},
				"east": {"uv": [0, 0, 6, 1], "texture": "#2"},
				"south": {"uv": [2, 3, 3, 4], "texture": "#2"},
				"west": {"uv": [0, 1, 6, 2], "texture": "#2"},
				"up": {"uv": [1, 8, 0, 2], "texture": "#2"},
				"down": {"uv": [2, 2, 1, 8], "texture": "#2"}
			}
		},
		{
			"from": [5.5, 1.5, 3.2],
			"to": [6.5, 6.5, 4.2],
			"faces": {
				"north": {"uv": [0, 0, 1, 5], "texture": "#2"},
				"east": {"uv": [0, 0, 1, 5], "texture": "#2"},
				"south": {"uv": [0, 0, 1, 5], "texture": "#2"},
				"west": {"uv": [0, 0, 1, 5], "texture": "#2"},
				"up": {"uv": [0, 0, 1, 1], "texture": "#2"},
				"down": {"uv": [0, 0, 1, 1], "texture": "#2"}
			}
		},
		{
			"from": [5.5, 8.5, 3.2],
			"to": [6.5, 9.5, 4.2],
			"faces": {
				"north": {"uv": [0, 0, 1, 1], "texture": "#2"},
				"east": {"uv": [0, 0, 1, 1], "texture": "#2"},
				"south": {"uv": [0, 0, 1, 1], "texture": "#2"},
				"west": {"uv": [0, 0, 1, 1], "texture": "#2"},
				"up": {"uv": [0, 0, 1, 1], "texture": "#2"},
				"down": {"uv": [0, 0, 1, 1], "texture": "#2"}
			}
		},
		{
			"from": [5.2, 6.5, 2.9],
			"to": [6.8, 8.5, 4.5],
			"faces": {
				"north": {"uv": [0, 0, 2, 2], "texture": "#3"},
				"east": {"uv": [0, 2, 2, 4], "texture": "#3"},
				"south": {"uv": [2, 0, 4, 2], "texture": "#3"},
				"west": {"uv": [2, 2, 4, 4], "texture": "#3"},
				"up": {"uv": [2, 6, 0, 4], "texture": "#3"},
				"down": {"uv": [6, 0, 4, 2], "texture": "#3"}
			}
		},
		{
			"from": [2.5, -3.26, 3.01],
			"to": [5.5, -2.46, 4.01],
			"rotation": {"angle": 45, "axis": "z", "origin": [0, 0, 0]},
			"faces": {
				"north": {"uv": [0, 0, 3, 0.8], "texture": "#2"},
				"east": {"uv": [0, 0, 1, 0.8], "texture": "#2"},
				"south": {"uv": [0, 0, 3, 0.8], "texture": "#2"},
				"west": {"uv": [0, 0, 1, 0.8], "texture": "#2"},
				"up": {"uv": [0, 0, 3, 1], "texture": "#2"},
				"down": {"uv": [0, 0, 3, 1], "texture": "#2"}
			}
		}
	],
	"display": {
		"thirdperson_righthand": {
			"rotation": [0, 33, 0],
			"translation": [1, 3.75, -1],
			"scale": [0.56, 0.56, 0.56]
		},
		"thirdperson_lefthand": {
			"rotation": [0, -133, 0],
			"translation": [1, 3.75, -1],
			"scale": [0.56, 0.56, 0.56]
		},
		"firstperson_righthand": {
			"rotation": [0, 37, 0],
			"translation": [0.75, 8.75, 0]
		},
		"firstperson_lefthand": {
			"rotation": [0, -138, 0],
			"translation": [0.75, 8.75, 0]
		},
		"ground": {
			"translation": [0, 2.25, 0],
			"scale": [0.5, 0.5, 0.5]
		},
		"gui": {
			"rotation": [18, 54, 0],
			"translation": [0.75, 4.25, 0],
			"scale": [1.08, 1.08, 1.08]
		},
		"head": {
			"rotation": [0, -90, 0],
			"translation": [0, 9.25, 0],
			"scale": [1.81, 1.81, 1.81]
		},
		"fixed": {
			"rotation": [0, -90, 0],
			"translation": [0, 4.75, 0]
		}
	}
}