{
	"credit": "Made with Blockbench",
	"texture_size": [32, 32],
	"textures": {
		"1": "./blockbench/tiarra_texture",
		"2": "./blockbench/jewls_texture"
	},
	"elements": [
		{
			"from": [4, 0, 4],
			"to": [12, 6, 12],
			"faces": {
				"north": {"uv": [4, 0, 8, 3], "texture": "#1"},
				"east": {"uv": [4, 3, 8, 6], "texture": "#1"},
				"south": {"uv": [4, 6, 8, 9], "texture": "#1"},
				"west": {"uv": [0, 8, 4, 11], "texture": "#1"},
				"up": {"uv": [4, 4, 0, 0], "texture": "#1"},
				"down": {"uv": [4, 4, 0, 8], "texture": "#1"}
			}
		},
		{
			"from": [5, 0.5, 3.99],
			"to": [11, 4.5, 3.99],
			"faces": {
				"north": {"uv": [0, 0, 12, 8], "texture": "#2"},
				"east": {"uv": [0, 0, 0, 3], "texture": "#2"},
				"south": {"uv": [0, 8, 12, 16], "texture": "#2"},
				"west": {"uv": [0, 0, 0, 3], "texture": "#2"},
				"up": {"uv": [0, 0, 4, 0], "texture": "#2"},
				"down": {"uv": [0, 0, 4, 0], "texture": "#2"}
			}
		}
	],
	"display": {
		"thirdperson_righthand": {
			"rotation": [0, 33, 0],
			"translation": [0, 3, 1.25],
			"scale": [0.53, 0.53, 0.53]
		},
		"thirdperson_lefthand": {
			"rotation": [0, 33, 0],
			"translation": [0, 3, 1.35],
			"scale": [0.53, 0.53, 0.53]
		},
		"firstperson_righthand": {
			"rotation": [0, 115, 0],
			"translation": [0.75, 9.25, 0]
		},
		"firstperson_lefthand": {
			"rotation": [0, 115, 0],
			"translation": [0.75, 9.25, 0]
		},
		"ground": {
			"translation": [0, 2.5, 1.25],
			"scale": [0.6, 0.59, 0.6]
		},
		"gui": {
			"rotation": [23, 158, 0],
			"translation": [1.25, 9, 0],
			"scale": [1.55, 1.51, 1.55]
		},
		"head": {
			"translation": [0, 14.25, 0],
			"scale": [1.81, 1.6, 1.81]
		},
		"fixed": {
			"rotation": [-70, 0, 0],
			"translation": [0, 14.5, -18.75],
			"scale": [2.95, 2.95, 2.95]
		}
	}
}