{
	"credit": "Made with Blockbench",
	"texture_size": [32, 32],
	"textures": {
		"0": "./blockbench/top_hat_texture_1",
		"1": "./blockbench/top_hat_texture_2",
		"2": "./blockbench/top_hat_texture_3",
		"3": "./blockbench/top_hat_texture_4",
		"4": "./blockbench/top_hat_texture_5",
		"particle": "./blockbench/top_hat_texture_1"
	},
	"elements": [
		{
			"from": [1.5, -1, 1.5],
			"to": [14.5, 1, 14.5],
			"faces": {
				"north": {"uv": [6.5, 0, 13, 1], "texture": "#0"},
				"east": {"uv": [6.5, 1, 13, 2], "texture": "#0"},
				"south": {"uv": [6.5, 2, 13, 3], "texture": "#0"},
				"west": {"uv": [6.5, 3, 13, 4], "texture": "#0"},
				"up": {"uv": [6.5, 6.5, 0, 0], "texture": "#0"},
				"down": {"uv": [6.5, 6.5, 0, 13], "texture": "#0"}
			}
		},
		{
			"from": [3, 12, 3],
			"to": [13, 16, 13],
			"faces": {
				"north": {"uv": [5, 0, 10, 2], "texture": "#4"},
				"east": {"uv": [5, 2, 10, 4], "texture": "#4"},
				"south": {"uv": [5, 4, 10, 6], "texture": "#4"},
				"west": {"uv": [5, 6, 10, 8], "texture": "#4"},
				"up": {"uv": [5, 5, 0, 0], "texture": "#4"},
				"down": {"uv": [5, 5, 0, 10], "texture": "#4"}
			}
		},
		{
			"from": [3.5, 1, 3.5],
			"to": [12.5, 3, 12.5],
			"faces": {
				"north": {"uv": [4.5, 0, 9, 1], "texture": "#1"},
				"east": {"uv": [4.5, 1, 9, 2], "texture": "#1"},
				"south": {"uv": [4.5, 2, 9, 3], "texture": "#1"},
				"west": {"uv": [4.5, 3, 9, 4], "texture": "#1"},
				"up": {"uv": [4.5, 4.5, 0, 0], "texture": "#1"},
				"down": {"uv": [4.5, 4.5, 0, 9], "texture": "#1"}
			}
		},
		{
			"from": [3.5, 8, 3.5],
			"to": [12.5, 12, 12.5],
			"faces": {
				"north": {"uv": [4.5, 0, 9, 2], "texture": "#3"},
				"east": {"uv": [4.5, 2, 9, 4], "texture": "#3"},
				"south": {"uv": [4.5, 4, 9, 6], "texture": "#3"},
				"west": {"uv": [4.5, 6, 9, 8], "texture": "#3"},
				"up": {"uv": [4.5, 4.5, 0, 0], "texture": "#3"},
				"down": {"uv": [4.5, 4.5, 0, 9], "texture": "#3"}
			}
		},
		{
			"from": [4, 1, 4],
			"to": [12, 8, 12],
			"faces": {
				"north": {"uv": [4, 0, 8, 3.5], "texture": "#2"},
				"east": {"uv": [4, 3.5, 8, 7], "texture": "#2"},
				"south": {"uv": [4, 7, 8, 10.5], "texture": "#2"},
				"west": {"uv": [0, 8, 4, 11.5], "texture": "#2"},
				"up": {"uv": [4, 4, 0, 0], "texture": "#2"},
				"down": {"uv": [4, 4, 0, 8], "texture": "#2"}
			}
		}
	],
	"display": {
		"thirdperson_righthand": {
			"rotation": [0, 33, 0],
			"translation": [0, 2.75, 0],
			"scale": [0.56, 0.56, 0.56]
		},
		"thirdperson_lefthand": {
			"rotation": [0, 33, 0],
			"translation": [0, 2.75, 0],
			"scale": [0.56, 0.56, 0.56]
		},
		"firstperson_righthand": {
			"rotation": [0, 33, 0],
			"translation": [0, 5.75, 0],
			"scale": [0.56, 0.56, 0.56]
		},
		"firstperson_lefthand": {
			"rotation": [0, 33, 0],
			"translation": [0, 5.75, 0],
			"scale": [0.56, 0.56, 0.56]
		},
		"ground": {
			"translation": [0, 1.25, 0],
			"scale": [0.34, 0.34, 0.34]
		},
		"gui": {
			"rotation": [24, 27, 0],
			"translation": [0, 0.75, 0],
			"scale": [0.69, 0.69, 0.69]
		},
		"head": {
			"translation": [0, 16.25, 0],
			"scale": [1.34, 1.34, 1.34]
		},
		"fixed": {
			"rotation": [90, 0, 0],
			"translation": [0, 0, -13.25],
			"scale": [2.42, 1.83, 2.42]
		}
	}
}