{
	"credit": "Made with Blockbench",
	"textures": {
		"0": "./blockbench/oak_log_texture",
		"1": "./blockbench/oak_leaves_texture",
		"particle": "./blockbench/oak_log_texture"
	},
	"elements": [
		{
			"from": [4, -16, 5],
			"to": [10, -10, 11],
			"faces": {
				"north": {"uv": [0, 0, 4, 4], "texture": "#0"},
				"east": {"uv": [0, 0, 4, 4], "texture": "#0"},
				"south": {"uv": [0, 0, 4, 4], "texture": "#0"},
				"west": {"uv": [0, 0, 4, 4], "texture": "#0"},
				"up": {"uv": [4, 4, 0, 0], "texture": "#0"},
				"down": {"uv": [4, 0, 0, 4], "texture": "#0"}
			}
		},
		{
			"from": [4, -10, 5],
			"to": [10, -4, 11],
			"faces": {
				"north": {"uv": [0, 0, 4, 4], "texture": "#0"},
				"east": {"uv": [0, 0, 4, 4], "texture": "#0"},
				"south": {"uv": [0, 0, 4, 4], "texture": "#0"},
				"west": {"uv": [0, 0, 4, 4], "texture": "#0"},
				"up": {"uv": [4, 4, 0, 0], "texture": "#0"},
				"down": {"uv": [4, 0, 0, 4], "texture": "#0"}
			}
		},
		{
			"from": [4, -4, 5],
			"to": [10, 2, 11],
			"faces": {
				"north": {"uv": [0, 0, 4, 4], "texture": "#0"},
				"east": {"uv": [0, 0, 4, 4], "texture": "#0"},
				"south": {"uv": [0, 0, 4, 4], "texture": "#0"},
				"west": {"uv": [0, 0, 4, 4], "texture": "#0"},
				"up": {"uv": [4, 4, 0, 0], "texture": "#0"},
				"down": {"uv": [4, 0, 0, 4], "texture": "#0"}
			}
		},
		{
			"from": [4, 2, 5],
			"to": [10, 8, 11],
			"faces": {
				"north": {"uv": [0, 0, 4, 4], "texture": "#0"},
				"east": {"uv": [0, 0, 4, 4], "texture": "#0"},
				"south": {"uv": [0, 0, 4, 4], "texture": "#0"},
				"west": {"uv": [0, 0, 4, 4], "texture": "#0"},
				"up": {"uv": [4, 4, 0, 0], "texture": "#0"},
				"down": {"uv": [4, 0, 0, 4], "texture": "#0"}
			}
		},
		{
			"from": [4, 8, 5],
			"to": [10, 14, 11],
			"faces": {
				"north": {"uv": [0, 0, 4, 4], "texture": "#0"},
				"east": {"uv": [0, 0, 4, 4], "texture": "#0"},
				"south": {"uv": [0, 0, 4, 4], "texture": "#0"},
				"west": {"uv": [0, 0, 4, 4], "texture": "#0"},
				"up": {"uv": [4, 4, 0, 0], "texture": "#0"},
				"down": {"uv": [4, 0, 0, 4], "texture": "#0"}
			}
		},
		{
			"from": [4, 14, 5],
			"to": [10, 20, 11],
			"faces": {
				"north": {"uv": [0, 0, 4, 4], "texture": "#0"},
				"east": {"uv": [0, 0, 4, 4], "texture": "#0"},
				"south": {"uv": [0, 0, 4, 4], "texture": "#0"},
				"west": {"uv": [0, 0, 4, 4], "texture": "#0"},
				"up": {"uv": [4, 4, 0, 0], "texture": "#0"},
				"down": {"uv": [4, 0, 0, 4], "texture": "#0"}
			}
		},
		{
			"from": [4, 20, 5],
			"to": [10, 26, 11],
			"faces": {
				"north": {"uv": [0, 0, 4, 4], "texture": "#0"},
				"east": {"uv": [0, 0, 4, 4], "texture": "#0"},
				"south": {"uv": [0, 0, 4, 4], "texture": "#0"},
				"west": {"uv": [0, 0, 4, 4], "texture": "#0"},
				"up": {"uv": [4, 4, 0, 0], "texture": "#0"},
				"down": {"uv": [4, 0, 0, 4], "texture": "#0"}
			}
		},
		{
			"from": [4, 2, -7],
			"to": [10, 8, -1],
			"faces": {
				"north": {"uv": [0, 8, 4, 12], "texture": "#1"},
				"east": {"uv": [0, 8, 4, 12], "texture": "#1"},
				"south": {"uv": [0, 8, 4, 12], "texture": "#1"},
				"west": {"uv": [0, 8, 4, 12], "texture": "#1"},
				"up": {"uv": [4, 12, 0, 8], "texture": "#1"},
				"down": {"uv": [4, 8, 0, 12], "texture": "#1"}
			}
		},
		{
			"from": [4, 8, -1],
			"to": [10, 14, 5],
			"faces": {
				"north": {"uv": [0, 8, 4, 12], "texture": "#1"},
				"east": {"uv": [0, 8, 4, 12], "texture": "#1"},
				"south": {"uv": [0, 8, 4, 12], "texture": "#1"},
				"west": {"uv": [0, 8, 4, 12], "texture": "#1"},
				"up": {"uv": [4, 12, 0, 8], "texture": "#1"},
				"down": {"uv": [4, 8, 0, 12], "texture": "#1"}
			}
		},
		{
			"from": [4, 20, 11],
			"to": [10, 26, 17],
			"faces": {
				"north": {"uv": [0, 8, 4, 12], "texture": "#1"},
				"east": {"uv": [0, 8, 4, 12], "texture": "#1"},
				"south": {"uv": [0, 8, 4, 12], "texture": "#1"},
				"west": {"uv": [0, 8, 4, 12], "texture": "#1"},
				"up": {"uv": [4, 12, 0, 8], "texture": "#1"},
				"down": {"uv": [4, 8, 0, 12], "texture": "#1"}
			}
		},
		{
			"from": [4, 26, 5],
			"to": [10, 32, 11],
			"faces": {
				"north": {"uv": [0, 8, 4, 12], "texture": "#1"},
				"east": {"uv": [0, 8, 4, 12], "texture": "#1"},
				"south": {"uv": [0, 8, 4, 12], "texture": "#1"},
				"west": {"uv": [0, 8, 4, 12], "texture": "#1"},
				"up": {"uv": [4, 12, 0, 8], "texture": "#1"},
				"down": {"uv": [4, 8, 0, 12], "texture": "#1"}
			}
		},
		{
			"from": [4, 14, 11],
			"to": [10, 20, 17],
			"faces": {
				"north": {"uv": [0, 8, 4, 12], "texture": "#1"},
				"east": {"uv": [0, 8, 4, 12], "texture": "#1"},
				"south": {"uv": [0, 8, 4, 12], "texture": "#1"},
				"west": {"uv": [0, 8, 4, 12], "texture": "#1"},
				"up": {"uv": [4, 12, 0, 8], "texture": "#1"},
				"down": {"uv": [4, 8, 0, 12], "texture": "#1"}
			}
		},
		{
			"from": [4, 26, 11],
			"to": [10, 32, 17],
			"faces": {
				"north": {"uv": [0, 8, 4, 12], "texture": "#1"},
				"east": {"uv": [0, 8, 4, 12], "texture": "#1"},
				"south": {"uv": [0, 8, 4, 12], "texture": "#1"},
				"west": {"uv": [0, 8, 4, 12], "texture": "#1"},
				"up": {"uv": [4, 12, 0, 8], "texture": "#1"},
				"down": {"uv": [4, 8, 0, 12], "texture": "#1"}
			}
		},
		{
			"from": [4, 14, -1],
			"to": [10, 20, 5],
			"faces": {
				"north": {"uv": [0, 8, 4, 12], "texture": "#1"},
				"east": {"uv": [0, 8, 4, 12], "texture": "#1"},
				"south": {"uv": [0, 8, 4, 12], "texture": "#1"},
				"west": {"uv": [0, 8, 4, 12], "texture": "#1"},
				"up": {"uv": [4, 12, 0, 8], "texture": "#1"},
				"down": {"uv": [4, 8, 0, 12], "texture": "#1"}
			}
		},
		{
			"from": [4, 8, 11],
			"to": [10, 14, 17],
			"faces": {
				"north": {"uv": [0, 8, 4, 12], "texture": "#1"},
				"east": {"uv": [0, 8, 4, 12], "texture": "#1"},
				"south": {"uv": [0, 8, 4, 12], "texture": "#1"},
				"west": {"uv": [0, 8, 4, 12], "texture": "#1"},
				"up": {"uv": [4, 12, 0, 8], "texture": "#1"},
				"down": {"uv": [4, 8, 0, 12], "texture": "#1"}
			}
		},
		{
			"from": [4, 8, -7],
			"to": [10, 14, -1],
			"faces": {
				"north": {"uv": [0, 8, 4, 12], "texture": "#1"},
				"east": {"uv": [0, 8, 4, 12], "texture": "#1"},
				"south": {"uv": [0, 8, 4, 12], "texture": "#1"},
				"west": {"uv": [0, 8, 4, 12], "texture": "#1"},
				"up": {"uv": [4, 12, 0, 8], "texture": "#1"},
				"down": {"uv": [4, 8, 0, 12], "texture": "#1"}
			}
		},
		{
			"from": [4, 8, 17],
			"to": [10, 14, 23],
			"faces": {
				"north": {"uv": [0, 8, 4, 12], "texture": "#1"},
				"east": {"uv": [0, 8, 4, 12], "texture": "#1"},
				"south": {"uv": [0, 8, 4, 12], "texture": "#1"},
				"west": {"uv": [0, 8, 4, 12], "texture": "#1"},
				"up": {"uv": [4, 12, 0, 8], "texture": "#1"},
				"down": {"uv": [4, 8, 0, 12], "texture": "#1"}
			}
		},
		{
			"from": [4, 2, -1],
			"to": [10, 8, 5],
			"faces": {
				"north": {"uv": [0, 8, 4, 12], "texture": "#1"},
				"east": {"uv": [0, 8, 4, 12], "texture": "#1"},
				"south": {"uv": [0, 8, 4, 12], "texture": "#1"},
				"west": {"uv": [0, 8, 4, 12], "texture": "#1"},
				"up": {"uv": [4, 12, 0, 8], "texture": "#1"},
				"down": {"uv": [4, 8, 0, 12], "texture": "#1"}
			}
		},
		{
			"from": [4, 2, 11],
			"to": [10, 8, 17],
			"faces": {
				"north": {"uv": [0, 8, 4, 12], "texture": "#1"},
				"east": {"uv": [0, 8, 4, 12], "texture": "#1"},
				"south": {"uv": [0, 8, 4, 12], "texture": "#1"},
				"west": {"uv": [0, 8, 4, 12], "texture": "#1"},
				"up": {"uv": [4, 12, 0, 8], "texture": "#1"},
				"down": {"uv": [4, 8, 0, 12], "texture": "#1"}
			}
		},
		{
			"from": [4, 2, 17],
			"to": [10, 8, 23],
			"faces": {
				"north": {"uv": [0, 8, 4, 12], "texture": "#1"},
				"east": {"uv": [0, 8, 4, 12], "texture": "#1"},
				"south": {"uv": [0, 8, 4, 12], "texture": "#1"},
				"west": {"uv": [0, 8, 4, 12], "texture": "#1"},
				"up": {"uv": [4, 12, 0, 8], "texture": "#1"},
				"down": {"uv": [4, 8, 0, 12], "texture": "#1"}
			}
		},
		{
			"from": [16, 2, -13],
			"to": [22, 8, -7],
			"faces": {
				"north": {"uv": [0, 8, 4, 12], "texture": "#1"},
				"east": {"uv": [0, 8, 4, 12], "texture": "#1"},
				"south": {"uv": [0, 8, 4, 12], "texture": "#1"},
				"west": {"uv": [0, 8, 4, 12], "texture": "#1"},
				"up": {"uv": [4, 12, 0, 8], "texture": "#1"},
				"down": {"uv": [4, 8, 0, 12], "texture": "#1"}
			}
		},
		{
			"from": [16, 2, -7],
			"to": [22, 8, -1],
			"faces": {
				"north": {"uv": [0, 8, 4, 12], "texture": "#1"},
				"east": {"uv": [0, 8, 4, 12], "texture": "#1"},
				"south": {"uv": [0, 8, 4, 12], "texture": "#1"},
				"west": {"uv": [0, 8, 4, 12], "texture": "#1"},
				"up": {"uv": [4, 12, 0, 8], "texture": "#1"},
				"down": {"uv": [4, 8, 0, 12], "texture": "#1"}
			}
		},
		{
			"from": [4, 2, -13],
			"to": [10, 8, -7],
			"faces": {
				"north": {"uv": [0, 8, 4, 12], "texture": "#1"},
				"east": {"uv": [0, 8, 4, 12], "texture": "#1"},
				"south": {"uv": [0, 8, 4, 12], "texture": "#1"},
				"west": {"uv": [0, 8, 4, 12], "texture": "#1"},
				"up": {"uv": [4, 12, 0, 8], "texture": "#1"},
				"down": {"uv": [4, 8, 0, 12], "texture": "#1"}
			}
		},
		{
			"from": [10, 2, -7],
			"to": [16, 8, -1],
			"faces": {
				"north": {"uv": [0, 8, 4, 12], "texture": "#1"},
				"east": {"uv": [0, 8, 4, 12], "texture": "#1"},
				"south": {"uv": [0, 8, 4, 12], "texture": "#1"},
				"west": {"uv": [0, 8, 4, 12], "texture": "#1"},
				"up": {"uv": [4, 12, 0, 8], "texture": "#1"},
				"down": {"uv": [4, 8, 0, 12], "texture": "#1"}
			}
		},
		{
			"from": [22, 2, -1],
			"to": [28, 8, 5],
			"faces": {
				"north": {"uv": [0, 8, 4, 12], "texture": "#1"},
				"east": {"uv": [0, 8, 4, 12], "texture": "#1"},
				"south": {"uv": [0, 8, 4, 12], "texture": "#1"},
				"west": {"uv": [0, 8, 4, 12], "texture": "#1"},
				"up": {"uv": [4, 12, 0, 8], "texture": "#1"},
				"down": {"uv": [4, 8, 0, 12], "texture": "#1"}
			}
		},
		{
			"from": [22, 2, -13],
			"to": [28, 8, -7],
			"faces": {
				"north": {"uv": [0, 8, 4, 12], "texture": "#1"},
				"east": {"uv": [0, 8, 4, 12], "texture": "#1"},
				"south": {"uv": [0, 8, 4, 12], "texture": "#1"},
				"west": {"uv": [0, 8, 4, 12], "texture": "#1"},
				"up": {"uv": [4, 12, 0, 8], "texture": "#1"},
				"down": {"uv": [4, 8, 0, 12], "texture": "#1"}
			}
		},
		{
			"from": [22, 2, -7],
			"to": [28, 8, -1],
			"faces": {
				"north": {"uv": [0, 8, 4, 12], "texture": "#1"},
				"east": {"uv": [0, 8, 4, 12], "texture": "#1"},
				"south": {"uv": [0, 8, 4, 12], "texture": "#1"},
				"west": {"uv": [0, 8, 4, 12], "texture": "#1"},
				"up": {"uv": [4, 12, 0, 8], "texture": "#1"},
				"down": {"uv": [4, 8, 0, 12], "texture": "#1"}
			}
		},
		{
			"from": [10, 2, -1],
			"to": [16, 8, 5],
			"faces": {
				"north": {"uv": [0, 8, 4, 12], "texture": "#1"},
				"east": {"uv": [0, 8, 4, 12], "texture": "#1"},
				"south": {"uv": [0, 8, 4, 12], "texture": "#1"},
				"west": {"uv": [0, 8, 4, 12], "texture": "#1"},
				"up": {"uv": [4, 12, 0, 8], "texture": "#1"},
				"down": {"uv": [4, 8, 0, 12], "texture": "#1"}
			}
		},
		{
			"from": [10, 14, -1],
			"to": [16, 20, 5],
			"faces": {
				"north": {"uv": [0, 8, 4, 12], "texture": "#1"},
				"east": {"uv": [0, 8, 4, 12], "texture": "#1"},
				"south": {"uv": [0, 8, 4, 12], "texture": "#1"},
				"west": {"uv": [0, 8, 4, 12], "texture": "#1"},
				"up": {"uv": [4, 12, 0, 8], "texture": "#1"},
				"down": {"uv": [4, 8, 0, 12], "texture": "#1"}
			}
		},
		{
			"from": [4, 8, 23],
			"to": [10, 14, 29],
			"faces": {
				"north": {"uv": [0, 8, 4, 12], "texture": "#1"},
				"east": {"uv": [0, 8, 4, 12], "texture": "#1"},
				"south": {"uv": [0, 8, 4, 12], "texture": "#1"},
				"west": {"uv": [0, 8, 4, 12], "texture": "#1"},
				"up": {"uv": [4, 12, 0, 8], "texture": "#1"},
				"down": {"uv": [4, 8, 0, 12], "texture": "#1"}
			}
		},
		{
			"from": [4, 8, -13],
			"to": [10, 14, -7],
			"faces": {
				"north": {"uv": [0, 8, 4, 12], "texture": "#1"},
				"east": {"uv": [0, 8, 4, 12], "texture": "#1"},
				"south": {"uv": [0, 8, 4, 12], "texture": "#1"},
				"west": {"uv": [0, 8, 4, 12], "texture": "#1"},
				"up": {"uv": [4, 12, 0, 8], "texture": "#1"},
				"down": {"uv": [4, 8, 0, 12], "texture": "#1"}
			}
		},
		{
			"from": [10, 26, 5],
			"to": [16, 32, 11],
			"faces": {
				"north": {"uv": [0, 8, 4, 12], "texture": "#1"},
				"east": {"uv": [0, 8, 4, 12], "texture": "#1"},
				"south": {"uv": [0, 8, 4, 12], "texture": "#1"},
				"west": {"uv": [0, 8, 4, 12], "texture": "#1"},
				"up": {"uv": [4, 12, 0, 8], "texture": "#1"},
				"down": {"uv": [4, 8, 0, 12], "texture": "#1"}
			}
		},
		{
			"from": [4, 2, 23],
			"to": [10, 8, 29],
			"faces": {
				"north": {"uv": [0, 8, 4, 12], "texture": "#1"},
				"east": {"uv": [0, 8, 4, 12], "texture": "#1"},
				"south": {"uv": [0, 8, 4, 12], "texture": "#1"},
				"west": {"uv": [0, 8, 4, 12], "texture": "#1"},
				"up": {"uv": [4, 12, 0, 8], "texture": "#1"},
				"down": {"uv": [4, 8, 0, 12], "texture": "#1"}
			}
		},
		{
			"from": [-2, 26, 5],
			"to": [4, 32, 11],
			"faces": {
				"north": {"uv": [0, 8, 4, 12], "texture": "#1"},
				"east": {"uv": [0, 8, 4, 12], "texture": "#1"},
				"south": {"uv": [0, 8, 4, 12], "texture": "#1"},
				"west": {"uv": [0, 8, 4, 12], "texture": "#1"},
				"up": {"uv": [4, 12, 0, 8], "texture": "#1"},
				"down": {"uv": [4, 8, 0, 12], "texture": "#1"}
			}
		},
		{
			"from": [-14, 8, 5],
			"to": [-8, 14, 11],
			"faces": {
				"north": {"uv": [0, 8, 4, 12], "texture": "#1"},
				"east": {"uv": [0, 8, 4, 12], "texture": "#1"},
				"south": {"uv": [0, 8, 4, 12], "texture": "#1"},
				"west": {"uv": [0, 8, 4, 12], "texture": "#1"},
				"up": {"uv": [4, 12, 0, 8], "texture": "#1"},
				"down": {"uv": [4, 8, 0, 12], "texture": "#1"}
			}
		},
		{
			"from": [-2, 14, -1],
			"to": [4, 20, 5],
			"faces": {
				"north": {"uv": [0, 8, 4, 12], "texture": "#1"},
				"east": {"uv": [0, 8, 4, 12], "texture": "#1"},
				"south": {"uv": [0, 8, 4, 12], "texture": "#1"},
				"west": {"uv": [0, 8, 4, 12], "texture": "#1"},
				"up": {"uv": [4, 12, 0, 8], "texture": "#1"},
				"down": {"uv": [4, 8, 0, 12], "texture": "#1"}
			}
		},
		{
			"from": [-2, 20, 5],
			"to": [4, 26, 11],
			"faces": {
				"north": {"uv": [0, 8, 4, 12], "texture": "#1"},
				"east": {"uv": [0, 8, 4, 12], "texture": "#1"},
				"south": {"uv": [0, 8, 4, 12], "texture": "#1"},
				"west": {"uv": [0, 8, 4, 12], "texture": "#1"},
				"up": {"uv": [4, 12, 0, 8], "texture": "#1"},
				"down": {"uv": [4, 8, 0, 12], "texture": "#1"}
			}
		},
		{
			"from": [10, 20, 5],
			"to": [16, 26, 11],
			"faces": {
				"north": {"uv": [0, 8, 4, 12], "texture": "#1"},
				"east": {"uv": [0, 8, 4, 12], "texture": "#1"},
				"south": {"uv": [0, 8, 4, 12], "texture": "#1"},
				"west": {"uv": [0, 8, 4, 12], "texture": "#1"},
				"up": {"uv": [4, 12, 0, 8], "texture": "#1"},
				"down": {"uv": [4, 8, 0, 12], "texture": "#1"}
			}
		},
		{
			"from": [-2, 14, 5],
			"to": [4, 20, 11],
			"faces": {
				"north": {"uv": [0, 8, 4, 12], "texture": "#1"},
				"east": {"uv": [0, 8, 4, 12], "texture": "#1"},
				"south": {"uv": [0, 8, 4, 12], "texture": "#1"},
				"west": {"uv": [0, 8, 4, 12], "texture": "#1"},
				"up": {"uv": [4, 12, 0, 8], "texture": "#1"},
				"down": {"uv": [4, 8, 0, 12], "texture": "#1"}
			}
		},
		{
			"from": [10, 14, 5],
			"to": [16, 20, 11],
			"faces": {
				"north": {"uv": [0, 8, 4, 12], "texture": "#1"},
				"east": {"uv": [0, 8, 4, 12], "texture": "#1"},
				"south": {"uv": [0, 8, 4, 12], "texture": "#1"},
				"west": {"uv": [0, 8, 4, 12], "texture": "#1"},
				"up": {"uv": [4, 12, 0, 8], "texture": "#1"},
				"down": {"uv": [4, 8, 0, 12], "texture": "#1"}
			}
		},
		{
			"from": [10, 20, -1],
			"to": [16, 26, 5],
			"faces": {
				"north": {"uv": [0, 8, 4, 12], "texture": "#1"},
				"east": {"uv": [0, 8, 4, 12], "texture": "#1"},
				"south": {"uv": [0, 8, 4, 12], "texture": "#1"},
				"west": {"uv": [0, 8, 4, 12], "texture": "#1"},
				"up": {"uv": [4, 12, 0, 8], "texture": "#1"},
				"down": {"uv": [4, 8, 0, 12], "texture": "#1"}
			}
		},
		{
			"from": [10, 14, 11],
			"to": [16, 20, 17],
			"faces": {
				"north": {"uv": [0, 8, 4, 12], "texture": "#1"},
				"east": {"uv": [0, 8, 4, 12], "texture": "#1"},
				"south": {"uv": [0, 8, 4, 12], "texture": "#1"},
				"west": {"uv": [0, 8, 4, 12], "texture": "#1"},
				"up": {"uv": [4, 12, 0, 8], "texture": "#1"},
				"down": {"uv": [4, 8, 0, 12], "texture": "#1"}
			}
		},
		{
			"from": [10, 20, 11],
			"to": [16, 26, 17],
			"faces": {
				"north": {"uv": [0, 8, 4, 12], "texture": "#1"},
				"east": {"uv": [0, 8, 4, 12], "texture": "#1"},
				"south": {"uv": [0, 8, 4, 12], "texture": "#1"},
				"west": {"uv": [0, 8, 4, 12], "texture": "#1"},
				"up": {"uv": [4, 12, 0, 8], "texture": "#1"},
				"down": {"uv": [4, 8, 0, 12], "texture": "#1"}
			}
		},
		{
			"from": [-2, 20, -1],
			"to": [4, 26, 5],
			"faces": {
				"north": {"uv": [0, 8, 4, 12], "texture": "#1"},
				"east": {"uv": [0, 8, 4, 12], "texture": "#1"},
				"south": {"uv": [0, 8, 4, 12], "texture": "#1"},
				"west": {"uv": [0, 8, 4, 12], "texture": "#1"},
				"up": {"uv": [4, 12, 0, 8], "texture": "#1"},
				"down": {"uv": [4, 8, 0, 12], "texture": "#1"}
			}
		},
		{
			"from": [-2, 14, 11],
			"to": [4, 20, 17],
			"faces": {
				"north": {"uv": [0, 8, 4, 12], "texture": "#1"},
				"east": {"uv": [0, 8, 4, 12], "texture": "#1"},
				"south": {"uv": [0, 8, 4, 12], "texture": "#1"},
				"west": {"uv": [0, 8, 4, 12], "texture": "#1"},
				"up": {"uv": [4, 12, 0, 8], "texture": "#1"},
				"down": {"uv": [4, 8, 0, 12], "texture": "#1"}
			}
		},
		{
			"from": [-2, 8, 5],
			"to": [4, 14, 11],
			"faces": {
				"north": {"uv": [0, 8, 4, 12], "texture": "#1"},
				"east": {"uv": [0, 8, 4, 12], "texture": "#1"},
				"south": {"uv": [0, 8, 4, 12], "texture": "#1"},
				"west": {"uv": [0, 8, 4, 12], "texture": "#1"},
				"up": {"uv": [4, 12, 0, 8], "texture": "#1"},
				"down": {"uv": [4, 8, 0, 12], "texture": "#1"}
			}
		},
		{
			"from": [-2, 2, 5],
			"to": [4, 8, 11],
			"faces": {
				"north": {"uv": [0, 8, 4, 12], "texture": "#1"},
				"east": {"uv": [0, 8, 4, 12], "texture": "#1"},
				"south": {"uv": [0, 8, 4, 12], "texture": "#1"},
				"west": {"uv": [0, 8, 4, 12], "texture": "#1"},
				"up": {"uv": [4, 12, 0, 8], "texture": "#1"},
				"down": {"uv": [4, 8, 0, 12], "texture": "#1"}
			}
		},
		{
			"from": [-8, 8, 5],
			"to": [-2, 14, 11],
			"faces": {
				"north": {"uv": [0, 8, 4, 12], "texture": "#1"},
				"east": {"uv": [0, 8, 4, 12], "texture": "#1"},
				"south": {"uv": [0, 8, 4, 12], "texture": "#1"},
				"west": {"uv": [0, 8, 4, 12], "texture": "#1"},
				"up": {"uv": [4, 12, 0, 8], "texture": "#1"},
				"down": {"uv": [4, 8, 0, 12], "texture": "#1"}
			}
		},
		{
			"from": [-2, 2, 5],
			"to": [4, 8, 11],
			"faces": {
				"north": {"uv": [0, 8, 4, 12], "texture": "#1"},
				"east": {"uv": [0, 8, 4, 12], "texture": "#1"},
				"south": {"uv": [0, 8, 4, 12], "texture": "#1"},
				"west": {"uv": [0, 8, 4, 12], "texture": "#1"},
				"up": {"uv": [4, 12, 0, 8], "texture": "#1"},
				"down": {"uv": [4, 8, 0, 12], "texture": "#1"}
			}
		},
		{
			"from": [-8, 2, 5],
			"to": [-2, 8, 11],
			"faces": {
				"north": {"uv": [0, 8, 4, 12], "texture": "#1"},
				"east": {"uv": [0, 8, 4, 12], "texture": "#1"},
				"south": {"uv": [0, 8, 4, 12], "texture": "#1"},
				"west": {"uv": [0, 8, 4, 12], "texture": "#1"},
				"up": {"uv": [4, 12, 0, 8], "texture": "#1"},
				"down": {"uv": [4, 8, 0, 12], "texture": "#1"}
			}
		},
		{
			"from": [-14, 2, 5],
			"to": [-8, 8, 11],
			"faces": {
				"north": {"uv": [0, 8, 4, 12], "texture": "#1"},
				"east": {"uv": [0, 8, 4, 12], "texture": "#1"},
				"south": {"uv": [0, 8, 4, 12], "texture": "#1"},
				"west": {"uv": [0, 8, 4, 12], "texture": "#1"},
				"up": {"uv": [4, 12, 0, 8], "texture": "#1"},
				"down": {"uv": [4, 8, 0, 12], "texture": "#1"}
			}
		},
		{
			"from": [22, 2, 5],
			"to": [28, 8, 11],
			"faces": {
				"north": {"uv": [0, 8, 4, 12], "texture": "#1"},
				"east": {"uv": [0, 8, 4, 12], "texture": "#1"},
				"south": {"uv": [0, 8, 4, 12], "texture": "#1"},
				"west": {"uv": [0, 8, 4, 12], "texture": "#1"},
				"up": {"uv": [4, 12, 0, 8], "texture": "#1"},
				"down": {"uv": [4, 8, 0, 12], "texture": "#1"}
			}
		},
		{
			"from": [16, 2, 5],
			"to": [22, 8, 11],
			"faces": {
				"north": {"uv": [0, 8, 4, 12], "texture": "#1"},
				"east": {"uv": [0, 8, 4, 12], "texture": "#1"},
				"south": {"uv": [0, 8, 4, 12], "texture": "#1"},
				"west": {"uv": [0, 8, 4, 12], "texture": "#1"},
				"up": {"uv": [4, 12, 0, 8], "texture": "#1"},
				"down": {"uv": [4, 8, 0, 12], "texture": "#1"}
			}
		},
		{
			"from": [10, 2, 5],
			"to": [16, 8, 11],
			"faces": {
				"north": {"uv": [0, 8, 4, 12], "texture": "#1"},
				"east": {"uv": [0, 8, 4, 12], "texture": "#1"},
				"south": {"uv": [0, 8, 4, 12], "texture": "#1"},
				"west": {"uv": [0, 8, 4, 12], "texture": "#1"},
				"up": {"uv": [4, 12, 0, 8], "texture": "#1"},
				"down": {"uv": [4, 8, 0, 12], "texture": "#1"}
			}
		},
		{
			"from": [10, 8, 5],
			"to": [16, 14, 11],
			"faces": {
				"north": {"uv": [0, 8, 4, 12], "texture": "#1"},
				"east": {"uv": [0, 8, 4, 12], "texture": "#1"},
				"south": {"uv": [0, 8, 4, 12], "texture": "#1"},
				"west": {"uv": [0, 8, 4, 12], "texture": "#1"},
				"up": {"uv": [4, 12, 0, 8], "texture": "#1"},
				"down": {"uv": [4, 8, 0, 12], "texture": "#1"}
			}
		},
		{
			"from": [10, 8, 11],
			"to": [16, 14, 17],
			"faces": {
				"north": {"uv": [0, 8, 4, 12], "texture": "#1"},
				"east": {"uv": [0, 8, 4, 12], "texture": "#1"},
				"south": {"uv": [0, 8, 4, 12], "texture": "#1"},
				"west": {"uv": [0, 8, 4, 12], "texture": "#1"},
				"up": {"uv": [4, 12, 0, 8], "texture": "#1"},
				"down": {"uv": [4, 8, 0, 12], "texture": "#1"}
			}
		},
		{
			"from": [10, 8, 17],
			"to": [16, 14, 23],
			"faces": {
				"north": {"uv": [0, 8, 4, 12], "texture": "#1"},
				"east": {"uv": [0, 8, 4, 12], "texture": "#1"},
				"south": {"uv": [0, 8, 4, 12], "texture": "#1"},
				"west": {"uv": [0, 8, 4, 12], "texture": "#1"},
				"up": {"uv": [4, 12, 0, 8], "texture": "#1"},
				"down": {"uv": [4, 8, 0, 12], "texture": "#1"}
			}
		},
		{
			"from": [10, 8, 23],
			"to": [16, 14, 29],
			"faces": {
				"north": {"uv": [0, 8, 4, 12], "texture": "#1"},
				"east": {"uv": [0, 8, 4, 12], "texture": "#1"},
				"south": {"uv": [0, 8, 4, 12], "texture": "#1"},
				"west": {"uv": [0, 8, 4, 12], "texture": "#1"},
				"up": {"uv": [4, 12, 0, 8], "texture": "#1"},
				"down": {"uv": [4, 8, 0, 12], "texture": "#1"}
			}
		},
		{
			"from": [16, 8, 11],
			"to": [22, 14, 17],
			"faces": {
				"north": {"uv": [0, 8, 4, 12], "texture": "#1"},
				"east": {"uv": [0, 8, 4, 12], "texture": "#1"},
				"south": {"uv": [0, 8, 4, 12], "texture": "#1"},
				"west": {"uv": [0, 8, 4, 12], "texture": "#1"},
				"up": {"uv": [4, 12, 0, 8], "texture": "#1"},
				"down": {"uv": [4, 8, 0, 12], "texture": "#1"}
			}
		},
		{
			"from": [16, 8, 17],
			"to": [22, 14, 23],
			"faces": {
				"north": {"uv": [0, 8, 4, 12], "texture": "#1"},
				"east": {"uv": [0, 8, 4, 12], "texture": "#1"},
				"south": {"uv": [0, 8, 4, 12], "texture": "#1"},
				"west": {"uv": [0, 8, 4, 12], "texture": "#1"},
				"up": {"uv": [4, 12, 0, 8], "texture": "#1"},
				"down": {"uv": [4, 8, 0, 12], "texture": "#1"}
			}
		},
		{
			"from": [16, 8, 23],
			"to": [22, 14, 29],
			"faces": {
				"north": {"uv": [0, 8, 4, 12], "texture": "#1"},
				"east": {"uv": [0, 8, 4, 12], "texture": "#1"},
				"south": {"uv": [0, 8, 4, 12], "texture": "#1"},
				"west": {"uv": [0, 8, 4, 12], "texture": "#1"},
				"up": {"uv": [4, 12, 0, 8], "texture": "#1"},
				"down": {"uv": [4, 8, 0, 12], "texture": "#1"}
			}
		},
		{
			"from": [22, 8, 17],
			"to": [28, 14, 23],
			"faces": {
				"north": {"uv": [0, 8, 4, 12], "texture": "#1"},
				"east": {"uv": [0, 8, 4, 12], "texture": "#1"},
				"south": {"uv": [0, 8, 4, 12], "texture": "#1"},
				"west": {"uv": [0, 8, 4, 12], "texture": "#1"},
				"up": {"uv": [4, 12, 0, 8], "texture": "#1"},
				"down": {"uv": [4, 8, 0, 12], "texture": "#1"}
			}
		},
		{
			"from": [22, 8, 11],
			"to": [28, 14, 17],
			"faces": {
				"north": {"uv": [0, 8, 4, 12], "texture": "#1"},
				"east": {"uv": [0, 8, 4, 12], "texture": "#1"},
				"south": {"uv": [0, 8, 4, 12], "texture": "#1"},
				"west": {"uv": [0, 8, 4, 12], "texture": "#1"},
				"up": {"uv": [4, 12, 0, 8], "texture": "#1"},
				"down": {"uv": [4, 8, 0, 12], "texture": "#1"}
			}
		},
		{
			"from": [22, 8, 5],
			"to": [28, 14, 11],
			"faces": {
				"north": {"uv": [0, 8, 4, 12], "texture": "#1"},
				"east": {"uv": [0, 8, 4, 12], "texture": "#1"},
				"south": {"uv": [0, 8, 4, 12], "texture": "#1"},
				"west": {"uv": [0, 8, 4, 12], "texture": "#1"},
				"up": {"uv": [4, 12, 0, 8], "texture": "#1"},
				"down": {"uv": [4, 8, 0, 12], "texture": "#1"}
			}
		},
		{
			"from": [10, 8, -13],
			"to": [16, 14, -7],
			"faces": {
				"north": {"uv": [0, 8, 4, 12], "texture": "#1"},
				"east": {"uv": [0, 8, 4, 12], "texture": "#1"},
				"south": {"uv": [0, 8, 4, 12], "texture": "#1"},
				"west": {"uv": [0, 8, 4, 12], "texture": "#1"},
				"up": {"uv": [4, 12, 0, 8], "texture": "#1"},
				"down": {"uv": [4, 8, 0, 12], "texture": "#1"}
			}
		},
		{
			"from": [10, 8, -7],
			"to": [16, 14, -1],
			"faces": {
				"north": {"uv": [0, 8, 4, 12], "texture": "#1"},
				"east": {"uv": [0, 8, 4, 12], "texture": "#1"},
				"south": {"uv": [0, 8, 4, 12], "texture": "#1"},
				"west": {"uv": [0, 8, 4, 12], "texture": "#1"},
				"up": {"uv": [4, 12, 0, 8], "texture": "#1"},
				"down": {"uv": [4, 8, 0, 12], "texture": "#1"}
			}
		},
		{
			"from": [10, 8, -1],
			"to": [16, 14, 5],
			"faces": {
				"north": {"uv": [0, 8, 4, 12], "texture": "#1"},
				"east": {"uv": [0, 8, 4, 12], "texture": "#1"},
				"south": {"uv": [0, 8, 4, 12], "texture": "#1"},
				"west": {"uv": [0, 8, 4, 12], "texture": "#1"},
				"up": {"uv": [4, 12, 0, 8], "texture": "#1"},
				"down": {"uv": [4, 8, 0, 12], "texture": "#1"}
			}
		},
		{
			"from": [16, 8, -13],
			"to": [22, 14, -7],
			"faces": {
				"north": {"uv": [0, 8, 4, 12], "texture": "#1"},
				"east": {"uv": [0, 8, 4, 12], "texture": "#1"},
				"south": {"uv": [0, 8, 4, 12], "texture": "#1"},
				"west": {"uv": [0, 8, 4, 12], "texture": "#1"},
				"up": {"uv": [4, 12, 0, 8], "texture": "#1"},
				"down": {"uv": [4, 8, 0, 12], "texture": "#1"}
			}
		},
		{
			"from": [16, 8, -7],
			"to": [22, 14, -1],
			"faces": {
				"north": {"uv": [0, 8, 4, 12], "texture": "#1"},
				"east": {"uv": [0, 8, 4, 12], "texture": "#1"},
				"south": {"uv": [0, 8, 4, 12], "texture": "#1"},
				"west": {"uv": [0, 8, 4, 12], "texture": "#1"},
				"up": {"uv": [4, 12, 0, 8], "texture": "#1"},
				"down": {"uv": [4, 8, 0, 12], "texture": "#1"}
			}
		},
		{
			"from": [16, 8, -1],
			"to": [22, 14, 5],
			"faces": {
				"north": {"uv": [0, 8, 4, 12], "texture": "#1"},
				"east": {"uv": [0, 8, 4, 12], "texture": "#1"},
				"south": {"uv": [0, 8, 4, 12], "texture": "#1"},
				"west": {"uv": [0, 8, 4, 12], "texture": "#1"},
				"up": {"uv": [4, 12, 0, 8], "texture": "#1"},
				"down": {"uv": [4, 8, 0, 12], "texture": "#1"}
			}
		},
		{
			"from": [22, 8, -7],
			"to": [28, 14, -1],
			"faces": {
				"north": {"uv": [0, 8, 4, 12], "texture": "#1"},
				"east": {"uv": [0, 8, 4, 12], "texture": "#1"},
				"south": {"uv": [0, 8, 4, 12], "texture": "#1"},
				"west": {"uv": [0, 8, 4, 12], "texture": "#1"},
				"up": {"uv": [4, 12, 0, 8], "texture": "#1"},
				"down": {"uv": [4, 8, 0, 12], "texture": "#1"}
			}
		},
		{
			"from": [22, 8, -1],
			"to": [28, 14, 5],
			"faces": {
				"north": {"uv": [0, 8, 4, 12], "texture": "#1"},
				"east": {"uv": [0, 8, 4, 12], "texture": "#1"},
				"south": {"uv": [0, 8, 4, 12], "texture": "#1"},
				"west": {"uv": [0, 8, 4, 12], "texture": "#1"},
				"up": {"uv": [4, 12, 0, 8], "texture": "#1"},
				"down": {"uv": [4, 8, 0, 12], "texture": "#1"}
			}
		},
		{
			"from": [-14, 8, 11],
			"to": [-8, 14, 17],
			"faces": {
				"north": {"uv": [0, 8, 4, 12], "texture": "#1"},
				"east": {"uv": [0, 8, 4, 12], "texture": "#1"},
				"south": {"uv": [0, 8, 4, 12], "texture": "#1"},
				"west": {"uv": [0, 8, 4, 12], "texture": "#1"},
				"up": {"uv": [4, 12, 0, 8], "texture": "#1"},
				"down": {"uv": [4, 8, 0, 12], "texture": "#1"}
			}
		},
		{
			"from": [-14, 8, 17],
			"to": [-8, 14, 23],
			"faces": {
				"north": {"uv": [0, 8, 4, 12], "texture": "#1"},
				"east": {"uv": [0, 8, 4, 12], "texture": "#1"},
				"south": {"uv": [0, 8, 4, 12], "texture": "#1"},
				"west": {"uv": [0, 8, 4, 12], "texture": "#1"},
				"up": {"uv": [4, 12, 0, 8], "texture": "#1"},
				"down": {"uv": [4, 8, 0, 12], "texture": "#1"}
			}
		},
		{
			"from": [-8, 8, 11],
			"to": [-2, 14, 17],
			"faces": {
				"north": {"uv": [0, 8, 4, 12], "texture": "#1"},
				"east": {"uv": [0, 8, 4, 12], "texture": "#1"},
				"south": {"uv": [0, 8, 4, 12], "texture": "#1"},
				"west": {"uv": [0, 8, 4, 12], "texture": "#1"},
				"up": {"uv": [4, 12, 0, 8], "texture": "#1"},
				"down": {"uv": [4, 8, 0, 12], "texture": "#1"}
			}
		},
		{
			"from": [-8, 8, 17],
			"to": [-2, 14, 23],
			"faces": {
				"north": {"uv": [0, 8, 4, 12], "texture": "#1"},
				"east": {"uv": [0, 8, 4, 12], "texture": "#1"},
				"south": {"uv": [0, 8, 4, 12], "texture": "#1"},
				"west": {"uv": [0, 8, 4, 12], "texture": "#1"},
				"up": {"uv": [4, 12, 0, 8], "texture": "#1"},
				"down": {"uv": [4, 8, 0, 12], "texture": "#1"}
			}
		},
		{
			"from": [-8, 8, 23],
			"to": [-2, 14, 29],
			"faces": {
				"north": {"uv": [0, 8, 4, 12], "texture": "#1"},
				"east": {"uv": [0, 8, 4, 12], "texture": "#1"},
				"south": {"uv": [0, 8, 4, 12], "texture": "#1"},
				"west": {"uv": [0, 8, 4, 12], "texture": "#1"},
				"up": {"uv": [4, 12, 0, 8], "texture": "#1"},
				"down": {"uv": [4, 8, 0, 12], "texture": "#1"}
			}
		},
		{
			"from": [-2, 8, 17],
			"to": [4, 14, 23],
			"faces": {
				"north": {"uv": [0, 8, 4, 12], "texture": "#1"},
				"east": {"uv": [0, 8, 4, 12], "texture": "#1"},
				"south": {"uv": [0, 8, 4, 12], "texture": "#1"},
				"west": {"uv": [0, 8, 4, 12], "texture": "#1"},
				"up": {"uv": [4, 12, 0, 8], "texture": "#1"},
				"down": {"uv": [4, 8, 0, 12], "texture": "#1"}
			}
		},
		{
			"from": [-2, 8, 23],
			"to": [4, 14, 29],
			"faces": {
				"north": {"uv": [0, 8, 4, 12], "texture": "#1"},
				"east": {"uv": [0, 8, 4, 12], "texture": "#1"},
				"south": {"uv": [0, 8, 4, 12], "texture": "#1"},
				"west": {"uv": [0, 8, 4, 12], "texture": "#1"},
				"up": {"uv": [4, 12, 0, 8], "texture": "#1"},
				"down": {"uv": [4, 8, 0, 12], "texture": "#1"}
			}
		},
		{
			"from": [-2, 8, 11],
			"to": [4, 14, 17],
			"faces": {
				"north": {"uv": [0, 8, 4, 12], "texture": "#1"},
				"east": {"uv": [0, 8, 4, 12], "texture": "#1"},
				"south": {"uv": [0, 8, 4, 12], "texture": "#1"},
				"west": {"uv": [0, 8, 4, 12], "texture": "#1"},
				"up": {"uv": [4, 12, 0, 8], "texture": "#1"},
				"down": {"uv": [4, 8, 0, 12], "texture": "#1"}
			}
		},
		{
			"from": [-14, 8, -7],
			"to": [-8, 14, -1],
			"faces": {
				"north": {"uv": [0, 8, 4, 12], "texture": "#1"},
				"east": {"uv": [0, 8, 4, 12], "texture": "#1"},
				"south": {"uv": [0, 8, 4, 12], "texture": "#1"},
				"west": {"uv": [0, 8, 4, 12], "texture": "#1"},
				"up": {"uv": [4, 12, 0, 8], "texture": "#1"},
				"down": {"uv": [4, 8, 0, 12], "texture": "#1"}
			}
		},
		{
			"from": [-14, 8, -1],
			"to": [-8, 14, 5],
			"faces": {
				"north": {"uv": [0, 8, 4, 12], "texture": "#1"},
				"east": {"uv": [0, 8, 4, 12], "texture": "#1"},
				"south": {"uv": [0, 8, 4, 12], "texture": "#1"},
				"west": {"uv": [0, 8, 4, 12], "texture": "#1"},
				"up": {"uv": [4, 12, 0, 8], "texture": "#1"},
				"down": {"uv": [4, 8, 0, 12], "texture": "#1"}
			}
		},
		{
			"from": [-8, 8, -13],
			"to": [-2, 14, -7],
			"faces": {
				"north": {"uv": [0, 8, 4, 12], "texture": "#1"},
				"east": {"uv": [0, 8, 4, 12], "texture": "#1"},
				"south": {"uv": [0, 8, 4, 12], "texture": "#1"},
				"west": {"uv": [0, 8, 4, 12], "texture": "#1"},
				"up": {"uv": [4, 12, 0, 8], "texture": "#1"},
				"down": {"uv": [4, 8, 0, 12], "texture": "#1"}
			}
		},
		{
			"from": [-8, 8, -7],
			"to": [-2, 14, -1],
			"faces": {
				"north": {"uv": [0, 8, 4, 12], "texture": "#1"},
				"east": {"uv": [0, 8, 4, 12], "texture": "#1"},
				"south": {"uv": [0, 8, 4, 12], "texture": "#1"},
				"west": {"uv": [0, 8, 4, 12], "texture": "#1"},
				"up": {"uv": [4, 12, 0, 8], "texture": "#1"},
				"down": {"uv": [4, 8, 0, 12], "texture": "#1"}
			}
		},
		{
			"from": [-8, 8, -1],
			"to": [-2, 14, 5],
			"faces": {
				"north": {"uv": [0, 8, 4, 12], "texture": "#1"},
				"east": {"uv": [0, 8, 4, 12], "texture": "#1"},
				"south": {"uv": [0, 8, 4, 12], "texture": "#1"},
				"west": {"uv": [0, 8, 4, 12], "texture": "#1"},
				"up": {"uv": [4, 12, 0, 8], "texture": "#1"},
				"down": {"uv": [4, 8, 0, 12], "texture": "#1"}
			}
		},
		{
			"from": [-2, 8, -7],
			"to": [4, 14, -1],
			"faces": {
				"north": {"uv": [0, 8, 4, 12], "texture": "#1"},
				"east": {"uv": [0, 8, 4, 12], "texture": "#1"},
				"south": {"uv": [0, 8, 4, 12], "texture": "#1"},
				"west": {"uv": [0, 8, 4, 12], "texture": "#1"},
				"up": {"uv": [4, 12, 0, 8], "texture": "#1"},
				"down": {"uv": [4, 8, 0, 12], "texture": "#1"}
			}
		},
		{
			"from": [-2, 8, -1],
			"to": [4, 14, 5],
			"faces": {
				"north": {"uv": [0, 8, 4, 12], "texture": "#1"},
				"east": {"uv": [0, 8, 4, 12], "texture": "#1"},
				"south": {"uv": [0, 8, 4, 12], "texture": "#1"},
				"west": {"uv": [0, 8, 4, 12], "texture": "#1"},
				"up": {"uv": [4, 12, 0, 8], "texture": "#1"},
				"down": {"uv": [4, 8, 0, 12], "texture": "#1"}
			}
		},
		{
			"from": [-2, 8, -13],
			"to": [4, 14, -7],
			"faces": {
				"north": {"uv": [0, 8, 4, 12], "texture": "#1"},
				"east": {"uv": [0, 8, 4, 12], "texture": "#1"},
				"south": {"uv": [0, 8, 4, 12], "texture": "#1"},
				"west": {"uv": [0, 8, 4, 12], "texture": "#1"},
				"up": {"uv": [4, 12, 0, 8], "texture": "#1"},
				"down": {"uv": [4, 8, 0, 12], "texture": "#1"}
			}
		},
		{
			"from": [-14, 2, -13],
			"to": [-8, 8, -7],
			"faces": {
				"north": {"uv": [0, 8, 4, 12], "texture": "#1"},
				"east": {"uv": [0, 8, 4, 12], "texture": "#1"},
				"south": {"uv": [0, 8, 4, 12], "texture": "#1"},
				"west": {"uv": [0, 8, 4, 12], "texture": "#1"},
				"up": {"uv": [4, 12, 0, 8], "texture": "#1"},
				"down": {"uv": [4, 8, 0, 12], "texture": "#1"}
			}
		},
		{
			"from": [-14, 2, -7],
			"to": [-8, 8, -1],
			"faces": {
				"north": {"uv": [0, 8, 4, 12], "texture": "#1"},
				"east": {"uv": [0, 8, 4, 12], "texture": "#1"},
				"south": {"uv": [0, 8, 4, 12], "texture": "#1"},
				"west": {"uv": [0, 8, 4, 12], "texture": "#1"},
				"up": {"uv": [4, 12, 0, 8], "texture": "#1"},
				"down": {"uv": [4, 8, 0, 12], "texture": "#1"}
			}
		},
		{
			"from": [-14, 2, -1],
			"to": [-8, 8, 5],
			"faces": {
				"north": {"uv": [0, 8, 4, 12], "texture": "#1"},
				"east": {"uv": [0, 8, 4, 12], "texture": "#1"},
				"south": {"uv": [0, 8, 4, 12], "texture": "#1"},
				"west": {"uv": [0, 8, 4, 12], "texture": "#1"},
				"up": {"uv": [4, 12, 0, 8], "texture": "#1"},
				"down": {"uv": [4, 8, 0, 12], "texture": "#1"}
			}
		},
		{
			"from": [-8, 2, -13],
			"to": [-2, 8, -7],
			"faces": {
				"north": {"uv": [0, 8, 4, 12], "texture": "#1"},
				"east": {"uv": [0, 8, 4, 12], "texture": "#1"},
				"south": {"uv": [0, 8, 4, 12], "texture": "#1"},
				"west": {"uv": [0, 8, 4, 12], "texture": "#1"},
				"up": {"uv": [4, 12, 0, 8], "texture": "#1"},
				"down": {"uv": [4, 8, 0, 12], "texture": "#1"}
			}
		},
		{
			"from": [-8, 2, -7],
			"to": [-2, 8, -1],
			"faces": {
				"north": {"uv": [0, 8, 4, 12], "texture": "#1"},
				"east": {"uv": [0, 8, 4, 12], "texture": "#1"},
				"south": {"uv": [0, 8, 4, 12], "texture": "#1"},
				"west": {"uv": [0, 8, 4, 12], "texture": "#1"},
				"up": {"uv": [4, 12, 0, 8], "texture": "#1"},
				"down": {"uv": [4, 8, 0, 12], "texture": "#1"}
			}
		},
		{
			"from": [-8, 2, -1],
			"to": [-2, 8, 5],
			"faces": {
				"north": {"uv": [0, 8, 4, 12], "texture": "#1"},
				"east": {"uv": [0, 8, 4, 12], "texture": "#1"},
				"south": {"uv": [0, 8, 4, 12], "texture": "#1"},
				"west": {"uv": [0, 8, 4, 12], "texture": "#1"},
				"up": {"uv": [4, 12, 0, 8], "texture": "#1"},
				"down": {"uv": [4, 8, 0, 12], "texture": "#1"}
			}
		},
		{
			"from": [-2, 2, -7],
			"to": [4, 8, -1],
			"faces": {
				"north": {"uv": [0, 8, 4, 12], "texture": "#1"},
				"east": {"uv": [0, 8, 4, 12], "texture": "#1"},
				"south": {"uv": [0, 8, 4, 12], "texture": "#1"},
				"west": {"uv": [0, 8, 4, 12], "texture": "#1"},
				"up": {"uv": [4, 12, 0, 8], "texture": "#1"},
				"down": {"uv": [4, 8, 0, 12], "texture": "#1"}
			}
		},
		{
			"from": [-2, 2, -1],
			"to": [4, 8, 5],
			"faces": {
				"north": {"uv": [0, 8, 4, 12], "texture": "#1"},
				"east": {"uv": [0, 8, 4, 12], "texture": "#1"},
				"south": {"uv": [0, 8, 4, 12], "texture": "#1"},
				"west": {"uv": [0, 8, 4, 12], "texture": "#1"},
				"up": {"uv": [4, 12, 0, 8], "texture": "#1"},
				"down": {"uv": [4, 8, 0, 12], "texture": "#1"}
			}
		},
		{
			"from": [-2, 2, -13],
			"to": [4, 8, -7],
			"faces": {
				"north": {"uv": [0, 8, 4, 12], "texture": "#1"},
				"east": {"uv": [0, 8, 4, 12], "texture": "#1"},
				"south": {"uv": [0, 8, 4, 12], "texture": "#1"},
				"west": {"uv": [0, 8, 4, 12], "texture": "#1"},
				"up": {"uv": [4, 12, 0, 8], "texture": "#1"},
				"down": {"uv": [4, 8, 0, 12], "texture": "#1"}
			}
		},
		{
			"from": [-14, 2, 11],
			"to": [-8, 8, 17],
			"faces": {
				"north": {"uv": [0, 8, 4, 12], "texture": "#1"},
				"east": {"uv": [0, 8, 4, 12], "texture": "#1"},
				"south": {"uv": [0, 8, 4, 12], "texture": "#1"},
				"west": {"uv": [0, 8, 4, 12], "texture": "#1"},
				"up": {"uv": [4, 12, 0, 8], "texture": "#1"},
				"down": {"uv": [4, 8, 0, 12], "texture": "#1"}
			}
		},
		{
			"from": [-14, 2, 17],
			"to": [-8, 8, 23],
			"faces": {
				"north": {"uv": [0, 8, 4, 12], "texture": "#1"},
				"east": {"uv": [0, 8, 4, 12], "texture": "#1"},
				"south": {"uv": [0, 8, 4, 12], "texture": "#1"},
				"west": {"uv": [0, 8, 4, 12], "texture": "#1"},
				"up": {"uv": [4, 12, 0, 8], "texture": "#1"},
				"down": {"uv": [4, 8, 0, 12], "texture": "#1"}
			}
		},
		{
			"from": [-14, 2, 23],
			"to": [-8, 8, 29],
			"faces": {
				"north": {"uv": [0, 8, 4, 12], "texture": "#1"},
				"east": {"uv": [0, 8, 4, 12], "texture": "#1"},
				"south": {"uv": [0, 8, 4, 12], "texture": "#1"},
				"west": {"uv": [0, 8, 4, 12], "texture": "#1"},
				"up": {"uv": [4, 12, 0, 8], "texture": "#1"},
				"down": {"uv": [4, 8, 0, 12], "texture": "#1"}
			}
		},
		{
			"from": [-8, 2, 11],
			"to": [-2, 8, 17],
			"faces": {
				"north": {"uv": [0, 8, 4, 12], "texture": "#1"},
				"east": {"uv": [0, 8, 4, 12], "texture": "#1"},
				"south": {"uv": [0, 8, 4, 12], "texture": "#1"},
				"west": {"uv": [0, 8, 4, 12], "texture": "#1"},
				"up": {"uv": [4, 12, 0, 8], "texture": "#1"},
				"down": {"uv": [4, 8, 0, 12], "texture": "#1"}
			}
		},
		{
			"from": [-8, 2, 17],
			"to": [-2, 8, 23],
			"faces": {
				"north": {"uv": [0, 8, 4, 12], "texture": "#1"},
				"east": {"uv": [0, 8, 4, 12], "texture": "#1"},
				"south": {"uv": [0, 8, 4, 12], "texture": "#1"},
				"west": {"uv": [0, 8, 4, 12], "texture": "#1"},
				"up": {"uv": [4, 12, 0, 8], "texture": "#1"},
				"down": {"uv": [4, 8, 0, 12], "texture": "#1"}
			}
		},
		{
			"from": [-8, 2, 23],
			"to": [-2, 8, 29],
			"faces": {
				"north": {"uv": [0, 8, 4, 12], "texture": "#1"},
				"east": {"uv": [0, 8, 4, 12], "texture": "#1"},
				"south": {"uv": [0, 8, 4, 12], "texture": "#1"},
				"west": {"uv": [0, 8, 4, 12], "texture": "#1"},
				"up": {"uv": [4, 12, 0, 8], "texture": "#1"},
				"down": {"uv": [4, 8, 0, 12], "texture": "#1"}
			}
		},
		{
			"from": [-2, 2, 17],
			"to": [4, 8, 23],
			"faces": {
				"north": {"uv": [0, 8, 4, 12], "texture": "#1"},
				"east": {"uv": [0, 8, 4, 12], "texture": "#1"},
				"south": {"uv": [0, 8, 4, 12], "texture": "#1"},
				"west": {"uv": [0, 8, 4, 12], "texture": "#1"},
				"up": {"uv": [4, 12, 0, 8], "texture": "#1"},
				"down": {"uv": [4, 8, 0, 12], "texture": "#1"}
			}
		},
		{
			"from": [-2, 2, 23],
			"to": [4, 8, 29],
			"faces": {
				"north": {"uv": [0, 8, 4, 12], "texture": "#1"},
				"east": {"uv": [0, 8, 4, 12], "texture": "#1"},
				"south": {"uv": [0, 8, 4, 12], "texture": "#1"},
				"west": {"uv": [0, 8, 4, 12], "texture": "#1"},
				"up": {"uv": [4, 12, 0, 8], "texture": "#1"},
				"down": {"uv": [4, 8, 0, 12], "texture": "#1"}
			}
		},
		{
			"from": [-2, 2, 11],
			"to": [4, 8, 17],
			"faces": {
				"north": {"uv": [0, 8, 4, 12], "texture": "#1"},
				"east": {"uv": [0, 8, 4, 12], "texture": "#1"},
				"south": {"uv": [0, 8, 4, 12], "texture": "#1"},
				"west": {"uv": [0, 8, 4, 12], "texture": "#1"},
				"up": {"uv": [4, 12, 0, 8], "texture": "#1"},
				"down": {"uv": [4, 8, 0, 12], "texture": "#1"}
			}
		},
		{
			"from": [10, 2, 11],
			"to": [16, 8, 17],
			"faces": {
				"north": {"uv": [0, 8, 4, 12], "texture": "#1"},
				"east": {"uv": [0, 8, 4, 12], "texture": "#1"},
				"south": {"uv": [0, 8, 4, 12], "texture": "#1"},
				"west": {"uv": [0, 8, 4, 12], "texture": "#1"},
				"up": {"uv": [4, 12, 0, 8], "texture": "#1"},
				"down": {"uv": [4, 8, 0, 12], "texture": "#1"}
			}
		},
		{
			"from": [10, 2, 17],
			"to": [16, 8, 23],
			"faces": {
				"north": {"uv": [0, 8, 4, 12], "texture": "#1"},
				"east": {"uv": [0, 8, 4, 12], "texture": "#1"},
				"south": {"uv": [0, 8, 4, 12], "texture": "#1"},
				"west": {"uv": [0, 8, 4, 12], "texture": "#1"},
				"up": {"uv": [4, 12, 0, 8], "texture": "#1"},
				"down": {"uv": [4, 8, 0, 12], "texture": "#1"}
			}
		},
		{
			"from": [10, 2, 23],
			"to": [16, 8, 29],
			"faces": {
				"north": {"uv": [0, 8, 4, 12], "texture": "#1"},
				"east": {"uv": [0, 8, 4, 12], "texture": "#1"},
				"south": {"uv": [0, 8, 4, 12], "texture": "#1"},
				"west": {"uv": [0, 8, 4, 12], "texture": "#1"},
				"up": {"uv": [4, 12, 0, 8], "texture": "#1"},
				"down": {"uv": [4, 8, 0, 12], "texture": "#1"}
			}
		},
		{
			"from": [16, 2, 11],
			"to": [22, 8, 17],
			"faces": {
				"north": {"uv": [0, 8, 4, 12], "texture": "#1"},
				"east": {"uv": [0, 8, 4, 12], "texture": "#1"},
				"south": {"uv": [0, 8, 4, 12], "texture": "#1"},
				"west": {"uv": [0, 8, 4, 12], "texture": "#1"},
				"up": {"uv": [4, 12, 0, 8], "texture": "#1"},
				"down": {"uv": [4, 8, 0, 12], "texture": "#1"}
			}
		},
		{
			"from": [16, 2, 17],
			"to": [22, 8, 23],
			"faces": {
				"north": {"uv": [0, 8, 4, 12], "texture": "#1"},
				"east": {"uv": [0, 8, 4, 12], "texture": "#1"},
				"south": {"uv": [0, 8, 4, 12], "texture": "#1"},
				"west": {"uv": [0, 8, 4, 12], "texture": "#1"},
				"up": {"uv": [4, 12, 0, 8], "texture": "#1"},
				"down": {"uv": [4, 8, 0, 12], "texture": "#1"}
			}
		},
		{
			"from": [16, 2, 23],
			"to": [22, 8, 29],
			"faces": {
				"north": {"uv": [0, 8, 4, 12], "texture": "#1"},
				"east": {"uv": [0, 8, 4, 12], "texture": "#1"},
				"south": {"uv": [0, 8, 4, 12], "texture": "#1"},
				"west": {"uv": [0, 8, 4, 12], "texture": "#1"},
				"up": {"uv": [4, 12, 0, 8], "texture": "#1"},
				"down": {"uv": [4, 8, 0, 12], "texture": "#1"}
			}
		},
		{
			"from": [22, 2, 17],
			"to": [28, 8, 23],
			"faces": {
				"north": {"uv": [0, 8, 4, 12], "texture": "#1"},
				"east": {"uv": [0, 8, 4, 12], "texture": "#1"},
				"south": {"uv": [0, 8, 4, 12], "texture": "#1"},
				"west": {"uv": [0, 8, 4, 12], "texture": "#1"},
				"up": {"uv": [4, 12, 0, 8], "texture": "#1"},
				"down": {"uv": [4, 8, 0, 12], "texture": "#1"}
			}
		},
		{
			"from": [22, 2, 23],
			"to": [28, 8, 29],
			"faces": {
				"north": {"uv": [0, 8, 4, 12], "texture": "#1"},
				"east": {"uv": [0, 8, 4, 12], "texture": "#1"},
				"south": {"uv": [0, 8, 4, 12], "texture": "#1"},
				"west": {"uv": [0, 8, 4, 12], "texture": "#1"},
				"up": {"uv": [4, 12, 0, 8], "texture": "#1"},
				"down": {"uv": [4, 8, 0, 12], "texture": "#1"}
			}
		},
		{
			"from": [22, 2, 11],
			"to": [28, 8, 17],
			"faces": {
				"north": {"uv": [0, 8, 4, 12], "texture": "#1"},
				"east": {"uv": [0, 8, 4, 12], "texture": "#1"},
				"south": {"uv": [0, 8, 4, 12], "texture": "#1"},
				"west": {"uv": [0, 8, 4, 12], "texture": "#1"},
				"up": {"uv": [4, 12, 0, 8], "texture": "#1"},
				"down": {"uv": [4, 8, 0, 12], "texture": "#1"}
			}
		},
		{
			"from": [16, 8, 5],
			"to": [22, 14, 11],
			"faces": {
				"north": {"uv": [0, 8, 4, 12], "texture": "#1"},
				"east": {"uv": [0, 8, 4, 12], "texture": "#1"},
				"south": {"uv": [0, 8, 4, 12], "texture": "#1"},
				"west": {"uv": [0, 8, 4, 12], "texture": "#1"},
				"up": {"uv": [4, 12, 0, 8], "texture": "#1"},
				"down": {"uv": [4, 8, 0, 12], "texture": "#1"}
			}
		},
		{
			"from": [-2, 20, 11],
			"to": [4, 26, 17],
			"faces": {
				"north": {"uv": [0, 8, 4, 12], "texture": "#1"},
				"east": {"uv": [0, 8, 4, 12], "texture": "#1"},
				"south": {"uv": [0, 8, 4, 12], "texture": "#1"},
				"west": {"uv": [0, 8, 4, 12], "texture": "#1"},
				"up": {"uv": [4, 12, 0, 8], "texture": "#1"},
				"down": {"uv": [4, 8, 0, 12], "texture": "#1"}
			}
		},
		{
			"from": [16, 2, -1],
			"to": [22, 8, 5],
			"faces": {
				"north": {"uv": [0, 8, 4, 12], "texture": "#1"},
				"east": {"uv": [0, 8, 4, 12], "texture": "#1"},
				"south": {"uv": [0, 8, 4, 12], "texture": "#1"},
				"west": {"uv": [0, 8, 4, 12], "texture": "#1"},
				"up": {"uv": [4, 12, 0, 8], "texture": "#1"},
				"down": {"uv": [4, 8, 0, 12], "texture": "#1"}
			}
		},
		{
			"from": [10, 2, -13],
			"to": [16, 8, -7],
			"faces": {
				"north": {"uv": [0, 8, 4, 12], "texture": "#1"},
				"east": {"uv": [0, 8, 4, 12], "texture": "#1"},
				"south": {"uv": [0, 8, 4, 12], "texture": "#1"},
				"west": {"uv": [0, 8, 4, 12], "texture": "#1"},
				"up": {"uv": [4, 12, 0, 8], "texture": "#1"},
				"down": {"uv": [4, 8, 0, 12], "texture": "#1"}
			}
		},
		{
			"from": [4, 20, -1],
			"to": [10, 26, 5],
			"faces": {
				"north": {"uv": [0, 8, 4, 12], "texture": "#1"},
				"east": {"uv": [0, 8, 4, 12], "texture": "#1"},
				"south": {"uv": [0, 8, 4, 12], "texture": "#1"},
				"west": {"uv": [0, 8, 4, 12], "texture": "#1"},
				"up": {"uv": [4, 12, 0, 8], "texture": "#1"},
				"down": {"uv": [4, 8, 0, 12], "texture": "#1"}
			}
		},
		{
			"from": [4, 26, -1],
			"to": [10, 32, 5],
			"faces": {
				"north": {"uv": [0, 8, 4, 12], "texture": "#1"},
				"east": {"uv": [0, 8, 4, 12], "texture": "#1"},
				"south": {"uv": [0, 8, 4, 12], "texture": "#1"},
				"west": {"uv": [0, 8, 4, 12], "texture": "#1"},
				"up": {"uv": [4, 12, 0, 8], "texture": "#1"},
				"down": {"uv": [4, 8, 0, 12], "texture": "#1"}
			}
		}
	],
	"display": {
		"thirdperson_righthand": {
			"rotation": [0, 33, 0],
			"translation": [0, 2.25, 0.75],
			"scale": [0.19, 0.19, 0.19]
		},
		"thirdperson_lefthand": {
			"rotation": [0, 33, 0],
			"translation": [0, 2.25, 0.75],
			"scale": [0.19, 0.19, 0.19]
		},
		"firstperson_righthand": {
			"rotation": [0, 17, 0],
			"translation": [0, 2.25, 0],
			"scale": [0.33, 0.33, 0.33]
		},
		"firstperson_lefthand": {
			"rotation": [0, 17, 0],
			"translation": [0, 2.25, 0],
			"scale": [0.33, 0.33, 0.33]
		},
		"ground": {
			"translation": [0, 3.75, 0],
			"scale": [0.26, 0.26, 0.26]
		},
		"gui": {
			"rotation": [21, 17, 0],
			"translation": [0.5, 0, 0],
			"scale": [0.28, 0.28, 0.28]
		},
		"head": {
			"translation": [4, 51.25, 0],
			"scale": [4, 4, 4]
		},
		"fixed": {
			"rotation": [-90, 0, 0],
			"translation": [4, 0, -80],
			"scale": [4, 4, 4]
		}
	},
	"groups": [
		{
			"name": "logs",
			"origin": [0, 0, 0],
			"color": 0,
			"nbt": "{}",
			"armAnimationEnabled": false,
			"children": [0, 1, 2, 3, 4, 5, 6]
		},
		{
			"name": "leaves",
			"origin": [8, 8, 8],
			"color": 0,
			"nbt": "{}",
			"armAnimationEnabled": false,
			"children": [
				7,
				8,
				9,
				10,
				11,
				12,
				13,
				14,
				15,
				16,
				17,
				18,
				19,
				20,
				21,
				22,
				23,
				24,
				25,
				26,
				27,
				28,
				29,
				30,
				31,
				32,
				33,
				34,
				35,
				36,
				37,
				38,
				39,
				40,
				41,
				42,
				43,
				44,
				45,
				46,
				47,
				48,
				49,
				50,
				51,
				52,
				53,
				54,
				{
					"name": "ggggsdfsdf",
					"origin": [0, 0, 0],
					"color": 0,
					"nbt": "{}",
					"armAnimationEnabled": false,
					"children": [55, 56, 57, 58, 59, 60, 61, 62, 63]
				},
				{
					"name": "ggggsdfsdf",
					"origin": [0, 0, 0],
					"color": 0,
					"nbt": "{}",
					"armAnimationEnabled": false,
					"children": [64, 65, 66, 67, 68, 69, 70, 71]
				},
				{
					"name": "ggggsdfsdf",
					"origin": [0, 0, 0],
					"color": 0,
					"nbt": "{}",
					"armAnimationEnabled": false,
					"children": [72, 73, 74, 75, 76, 77, 78, 79]
				},
				{
					"name": "ggggsdfsdf",
					"origin": [0, 0, 0],
					"color": 0,
					"nbt": "{}",
					"armAnimationEnabled": false,
					"children": [80, 81, 82, 83, 84, 85, 86, 87]
				},
				{
					"name": "ggggsdfsdf",
					"origin": [0, 0, 0],
					"color": 0,
					"nbt": "{}",
					"armAnimationEnabled": false,
					"children": [88, 89, 90, 91, 92, 93, 94, 95, 96]
				},
				{
					"name": "ggggsdfsdf",
					"origin": [0, 0, 0],
					"color": 0,
					"nbt": "{}",
					"armAnimationEnabled": false,
					"children": [97, 98, 99, 100, 101, 102, 103, 104, 105]
				},
				{
					"name": "ggggsdfsdf",
					"origin": [0, 0, 0],
					"color": 0,
					"nbt": "{}",
					"armAnimationEnabled": false,
					"children": [106, 107, 108, 109, 110, 111, 112, 113, 114]
				},
				115,
				116,
				117,
				118,
				119,
				120
			]
		}
	]
}