{
	"credit": "Made with Blockbench",
	"texture_size": [32, 32],
	"textures": {
		"0": "./blockbench/tv_glass_texture",
		"1": "./blockbench/tv_antenna_texture",
		"2": "./blockbench/tv_texture_1",
		"3": "./blockbench/tv_texture_2",
		"4": "./blockbench/tv_texture_3",
		"5": "./blockbench/tv_texture_4",
		"6": "./blockbench/tv_texture_5",
		"7": "./blockbench/tv_texture_6",
		"8": "./blockbench/tv_texture_7",
		"particle": "./blockbench/tv_glass_texture"
	},
	"elements": [
		{
			"from": [4, 1, 3],
			"to": [15, 12, 4],
			"faces": {
				"north": {"uv": [0, 0, 5.5, 5.5], "texture": "#0"},
				"east": {"uv": [5.5, 0, 6, 5.5], "texture": "#0"},
				"south": {"uv": [5.5, 5.5, 0, 11], "texture": "#0"},
				"west": {"uv": [5.5, 5.5, 6, 11], "texture": "#0"},
				"up": {"uv": [11.5, 0.5, 6, 0], "texture": "#0"},
				"down": {"uv": [11.5, 0.5, 6, 1], "texture": "#0"}
			}
		},
		{
			"from": [1, 1, 13],
			"to": [15, 12, 14],
			"faces": {
				"north": {"uv": [0, 0, 7, 5.5], "texture": "#6"},
				"east": {"uv": [7, 1, 7.5, 6.5], "texture": "#6"},
				"south": {"uv": [0, 5.5, 7, 11], "texture": "#6"},
				"west": {"uv": [7, 6.5, 7.5, 12], "texture": "#6"},
				"up": {"uv": [14, 0.5, 7, 0], "texture": "#6"},
				"down": {"uv": [14, 0.5, 7, 1], "texture": "#6"}
			}
		},
		{
			"from": [0, 0, 3],
			"to": [16, 1, 13],
			"faces": {
				"north": {"uv": [8, 0, 16, 0.5], "texture": "#7"},
				"east": {"uv": [8, 1, 13, 1.5], "texture": "#7"},
				"south": {"uv": [8, 0.5, 16, 1], "texture": "#7"},
				"west": {"uv": [8, 1.5, 13, 2], "texture": "#7"},
				"up": {"uv": [8, 5, 0, 0], "texture": "#7"},
				"down": {"uv": [8, 5, 0, 10], "texture": "#7"}
			}
		},
		{
			"from": [0, 12, 3],
			"to": [16, 13, 13],
			"faces": {
				"north": {"uv": [8, 0, 16, 0.5], "texture": "#3"},
				"east": {"uv": [8, 1, 13, 1.5], "texture": "#3"},
				"south": {"uv": [8, 0.5, 16, 1], "texture": "#3"},
				"west": {"uv": [8, 1.5, 13, 2], "texture": "#3"},
				"up": {"uv": [8, 5, 0, 0], "texture": "#3"},
				"down": {"uv": [8, 5, 0, 10], "texture": "#3"}
			}
		},
		{
			"from": [15, 1, 3],
			"to": [16, 12, 13],
			"faces": {
				"north": {"uv": [0, 5.5, 0.5, 11], "texture": "#8"},
				"east": {"uv": [0, 0, 5, 5.5], "texture": "#8"},
				"south": {"uv": [0.5, 5.5, 1, 11], "texture": "#8"},
				"west": {"uv": [5, 0, 10, 5.5], "texture": "#8"},
				"up": {"uv": [1.5, 10.5, 1, 5.5], "texture": "#8"},
				"down": {"uv": [2, 5.5, 1.5, 10.5], "texture": "#8"}
			}
		},
		{
			"from": [0, 1, 4],
			"to": [2, 12, 13],
			"faces": {
				"north": {"uv": [0, 5.5, 1, 11], "texture": "#5"},
				"east": {"uv": [0, 0, 4.5, 5.5], "texture": "#5"},
				"south": {"uv": [1, 5.5, 2, 11], "texture": "#5"},
				"west": {"uv": [4.5, 0, 9, 5.5], "texture": "#5"},
				"up": {"uv": [3, 10, 2, 5.5], "texture": "#5"},
				"down": {"uv": [4, 5.5, 3, 10], "texture": "#5"}
			}
		},
		{
			"from": [0, 1, 3],
			"to": [4, 12, 4],
			"faces": {
				"north": {"uv": [0, 0, 4, 11], "texture": "#4"},
				"east": {"uv": [8, 0, 9, 11], "texture": "#4"},
				"south": {"uv": [4, 0, 8, 11], "texture": "#4"},
				"west": {"uv": [9, 0, 10, 11], "texture": "#4"},
				"up": {"uv": [14, 1, 10, 0], "texture": "#4"},
				"down": {"uv": [14, 1, 10, 2], "texture": "#4"}
			}
		},
		{
			"from": [5, 13, 6],
			"to": [11, 16, 9],
			"faces": {
				"north": {"uv": [0, 0, 6, 3], "texture": "#2"},
				"east": {"uv": [6, 3, 9, 6], "texture": "#2"},
				"south": {"uv": [0, 3, 6, 6], "texture": "#2"},
				"west": {"uv": [6, 6, 9, 9], "texture": "#2"},
				"up": {"uv": [6, 9, 0, 6], "texture": "#2"},
				"down": {"uv": [12, 0, 6, 3], "texture": "#2"}
			}
		},
		{
			"from": [2, 13, 7.5],
			"to": [14, 23, 7.5],
			"faces": {
				"north": {"uv": [0, 0, 6, 5], "texture": "#1"},
				"east": {"uv": [0, 0, 0, 5], "texture": "#1"},
				"south": {"uv": [6, 0, 0, 5], "texture": "#1"},
				"west": {"uv": [0, 0, 0, 5], "texture": "#1"},
				"up": {"uv": [6, 0, 0, 0], "texture": "#1"},
				"down": {"uv": [6, 0, 0, 0], "texture": "#1"}
			}
		}
	],
	"display": {
		"thirdperson_righthand": {
			"rotation": [0, 33, 0],
			"scale": [0.52, 0.52, 0.52]
		},
		"thirdperson_lefthand": {
			"rotation": [0, 33, 0],
			"scale": [0.52, 0.52, 0.52]
		},
		"firstperson_righthand": {
			"rotation": [0, 130, 0],
			"translation": [0, 5.25, 0],
			"scale": [0.49, 0.49, 0.49]
		},
		"firstperson_lefthand": {
			"rotation": [0, 130, 0],
			"translation": [0, 5.25, 0],
			"scale": [0.49, 0.49, 0.49]
		},
		"ground": {
			"translation": [0, 1.25, 0],
			"scale": [0.43, 0.43, 0.43]
		},
		"gui": {
			"rotation": [27, 156, 0],
			"translation": [0, -1, 0],
			"scale": [0.66, 0.58, 0.58]
		},
		"head": {
			"translation": [-2.25, 2.25, -0.75],
			"scale": [1.5, 1.5, 1.5]
		},
		"fixed": {
			"rotation": [-90, 0, 0],
			"translation": [-0.75, 0, -18.5],
			"scale": [2.49, 2.49, 2.49]
		}
	}
}