{
	"credit": "Made with Blockbench",
	"textures": {
		"0": "./blockbench/wizard_hat_texture_1",
		"1": "./blockbench/wizard_hat_texture_2",
		"2": "./blockbench/wizard_hat_texture_3",
		"3": "./blockbench/wizard_hat_texture_4",
		"4": "./blockbench/wizard_hat_texture_5",
		"particle": "./blockbench/wizard_hat_texture_1"
	},
	"elements": [
		{
			"from": [6, 12, -2],
			"to": [10, 16, 2],
			"rotation": {"angle": 45, "axis": "x", "origin": [0, 0, 0]},
			"faces": {
				"north": {"uv": [0, 0, 4, 4], "texture": "#3"},
				"east": {"uv": [0, 4, 4, 8], "texture": "#3"},
				"south": {"uv": [4, 0, 8, 4], "texture": "#3"},
				"west": {"uv": [4, 4, 8, 8], "texture": "#3"},
				"up": {"uv": [4, 12, 0, 8], "texture": "#3"},
				"down": {"uv": [12, 0, 8, 4], "texture": "#3"}
			}
		},
		{
			"from": [7, 4, 13],
			"to": [9, 7, 17],
			"rotation": {"angle": -22.5, "axis": "x", "origin": [0, 0, 0]},
			"faces": {
				"north": {"uv": [0, 6, 2, 9], "texture": "#4"},
				"east": {"uv": [0, 0, 4, 3], "texture": "#4"},
				"south": {"uv": [6, 0, 8, 3], "texture": "#4"},
				"west": {"uv": [0, 3, 4, 6], "texture": "#4"},
				"up": {"uv": [6, 4, 4, 0], "texture": "#4"},
				"down": {"uv": [6, 4, 4, 8], "texture": "#4"}
			}
		},
		{
			"from": [5, 8, 2],
			"to": [11, 13, 8],
			"rotation": {"angle": 22.5, "axis": "x", "origin": [0, 0, 0]},
			"faces": {
				"north": {"uv": [3, 0, 6, 2.5], "texture": "#2"},
				"east": {"uv": [3, 2.5, 6, 5], "texture": "#2"},
				"south": {"uv": [3, 5, 6, 7.5], "texture": "#2"},
				"west": {"uv": [0, 6, 3, 8.5], "texture": "#2"},
				"up": {"uv": [3, 3, 0, 0], "texture": "#2"},
				"down": {"uv": [3, 3, 0, 6], "texture": "#2"}
			}
		},
		{
			"from": [4, 2, 4],
			"to": [12, 8, 12],
			"faces": {
				"north": {"uv": [4, 0, 8, 3], "texture": "#1"},
				"east": {"uv": [4, 3, 8, 6], "texture": "#1"},
				"south": {"uv": [4, 6, 8, 9], "texture": "#1"},
				"west": {"uv": [0, 8, 4, 11], "texture": "#1"},
				"up": {"uv": [4, 4, 0, 0], "texture": "#1"},
				"down": {"uv": [4, 4, 0, 8], "texture": "#1"}
			}
		},
		{
			"from": [2, 0, 2],
			"to": [14, 2, 14],
			"faces": {
				"north": {"uv": [6, 0, 12, 1], "texture": "#0"},
				"east": {"uv": [6, 1, 12, 2], "texture": "#0"},
				"south": {"uv": [6, 2, 12, 3], "texture": "#0"},
				"west": {"uv": [6, 3, 12, 4], "texture": "#0"},
				"up": {"uv": [6, 6, 0, 0], "texture": "#0"},
				"down": {"uv": [6, 6, 0, 12], "texture": "#0"}
			}
		}
	],
	"display": {
		"thirdperson_righthand": {
			"rotation": [0, 33, 0],
			"translation": [1, 1.75, 1.25],
			"scale": [0.63, 0.63, 0.63]
		},
		"thirdperson_lefthand": {
			"rotation": [0, 33, 0],
			"translation": [1, 1.75, 1.25],
			"scale": [0.63, 0.63, 0.63]
		},
		"firstperson_righthand": {
			"rotation": [0, 141, 0],
			"translation": [0.75, 4.75, -1.5],
			"scale": [0.61, 0.61, 0.61]
		},
		"firstperson_lefthand": {
			"rotation": [0, 141, 0],
			"translation": [0.75, 4.75, -1.5],
			"scale": [0.61, 0.61, 0.61]
		},
		"ground": {
			"translation": [0, 2.5, 0],
			"scale": [0.44, 0.44, 0.44]
		},
		"gui": {
			"rotation": [25, 136, 0],
			"translation": [0, 1.25, 0],
			"scale": [0.76, 0.76, 0.76]
		},
		"head": {
			"rotation": [15, 0, 0],
			"translation": [0, 14, 3.5],
			"scale": [1.81, 1.81, 1.81]
		},
		"fixed": {
			"translation": [0, 2, 0]
		}
	}
}