{
	"credit": "Made with Blockbench",
	"textures": {
		"0": "block/pallate",
		"particle": "block/pallate"
	},
	"elements": [
		{
			"from": [7.25, 0, 7.25],
			"to": [8.75, 0.5, 8.75],
			"rotation": {"angle": 0, "axis": "y", "origin": [7, 0, 7]},
			"faces": {
				"north": {"uv": [4.5, 4.75, 6, 5.25], "texture": "#0"},
				"east": {"uv": [4.5, 4.75, 6, 5.25], "texture": "#0"},
				"south": {"uv": [4.5, 4.75, 6, 5.25], "texture": "#0"},
				"west": {"uv": [4.5, 4.75, 6, 5.25], "texture": "#0"},
				"up": {"uv": [4.5, 4.75, 6, 5.25], "texture": "#0"},
				"down": {"uv": [4.5, 4.75, 6, 5.25], "texture": "#0"}
			}
		},
		{
			"from": [7.35, 0.6, 7.35],
			"to": [8.65, 0.75, 8.65],
			"rotation": {"angle": 0, "axis": "y", "origin": [7, 0, 7]},
			"faces": {
				"north": {"uv": [4.5, 4.75, 5.8, 4.9], "texture": "#0"},
				"east": {"uv": [4.5, 4.75, 5.8, 4.9], "texture": "#0"},
				"south": {"uv": [4.5, 4.75, 5.8, 4.9], "texture": "#0"},
				"west": {"uv": [4.5, 4.75, 5.8, 4.9], "texture": "#0"},
				"up": {"uv": [4.5, 4.75, 5.8, 4.9], "texture": "#0"},
				"down": {"uv": [4.5, 4.75, 5.8, 4.9], "texture": "#0"}
			}
		},
		{
			"from": [7.475, 0.75, 7.475],
			"to": [8.525, 0.9, 8.525],
			"rotation": {"angle": 0, "axis": "y", "origin": [6.875, 0, 7.125]},
			"faces": {
				"north": {"uv": [4.5, 4.75, 5.55, 4.9], "texture": "#0"},
				"east": {"uv": [4.5, 4.75, 5.55, 4.9], "texture": "#0"},
				"south": {"uv": [4.5, 4.75, 5.55, 4.9], "texture": "#0"},
				"west": {"uv": [4.5, 4.75, 5.55, 4.9], "texture": "#0"},
				"up": {"uv": [4.5, 4.75, 5.55, 4.9], "texture": "#0"},
				"down": {"uv": [4.5, 4.75, 5.55, 4.9], "texture": "#0"}
			}
		},
		{
			"from": [7.7, 0.9, 7.7],
			"to": [8.3, 1.85, 8.3],
			"rotation": {"angle": 0, "axis": "y", "origin": [6.65, 0, 7.15]},
			"faces": {
				"north": {"uv": [4.5, 4.75, 5.2, 5.7], "texture": "#0"},
				"east": {"uv": [4.5, 4.75, 5.2, 5.7], "texture": "#0"},
				"south": {"uv": [4.5, 4.75, 5.2, 5.7], "texture": "#0"},
				"west": {"uv": [4.5, 4.75, 5.2, 5.7], "texture": "#0"},
				"up": {"uv": [4.5, 4.75, 5.2, 5.7], "texture": "#0"},
				"down": {"uv": [4.5, 4.75, 5.2, 5.7], "texture": "#0"}
			}
		},
		{
			"from": [7.65, 1.6, 7.65],
			"to": [8.35, 2.3, 8.35],
			"rotation": {"angle": 0, "axis": "y", "origin": [6.6, 0, 7.1]},
			"faces": {
				"north": {"uv": [4.5, 4.75, 5.4, 5.65], "texture": "#0"},
				"east": {"uv": [4.5, 4.75, 5.4, 5.65], "texture": "#0"},
				"south": {"uv": [4.5, 4.75, 5.4, 5.65], "texture": "#0"},
				"west": {"uv": [4.5, 4.75, 5.4, 5.65], "texture": "#0"},
				"up": {"uv": [4.5, 4.75, 5.4, 5.65], "texture": "#0"},
				"down": {"uv": [4.5, 4.75, 5.4, 5.65], "texture": "#0"}
			}
		},
		{
			"from": [7.4, 0.5, 7.4],
			"to": [8.6, 0.65, 8.6],
			"rotation": {"angle": 0, "axis": "y", "origin": [7, 0, 7]},
			"faces": {
				"north": {"uv": [4.5, 4.75, 5.7, 4.9], "texture": "#0"},
				"east": {"uv": [4.5, 4.75, 5.7, 4.9], "texture": "#0"},
				"south": {"uv": [4.5, 4.75, 5.7, 4.9], "texture": "#0"},
				"west": {"uv": [4.5, 4.75, 5.7, 4.9], "texture": "#0"},
				"up": {"uv": [4.5, 4.75, 5.7, 4.9], "texture": "#0"},
				"down": {"uv": [4.5, 4.75, 5.7, 4.9], "texture": "#0"}
			}
		}
	],
	"display": {
		"head": {
			"translation": [0, -35.3, 0]
		}
	}
}