{
	"credit": "Made with Blockbench",
	"textures": {
		"0": "block/pallate",
		"particle": "block/pallate"
	},
	"elements": [
		{
			"from": [7.25, 0, 7.25],
			"to": [8.75, 0.5, 8.75],
			"rotation": {"angle": 0, "axis": "y", "origin": [7, 0, 7]},
			"faces": {
				"north": {"uv": [4.75, 5.75, 6.25, 6.25], "texture": "#0"},
				"east": {"uv": [4.75, 5.75, 6.25, 6.25], "texture": "#0"},
				"south": {"uv": [4.75, 5.75, 6.25, 6.25], "texture": "#0"},
				"west": {"uv": [4.75, 5.75, 6.25, 6.25], "texture": "#0"},
				"up": {"uv": [4.75, 5.75, 6.25, 6.25], "texture": "#0"},
				"down": {"uv": [4.75, 5.75, 6.25, 6.25], "texture": "#0"}
			}
		},
		{
			"from": [7.35, 0.6, 7.35],
			"to": [8.65, 0.75, 8.65],
			"rotation": {"angle": 0, "axis": "y", "origin": [7, 0, 7]},
			"faces": {
				"north": {"uv": [5.75, 5.75, 7.05, 5.9], "texture": "#0"},
				"east": {"uv": [5.75, 5.75, 7.05, 5.9], "texture": "#0"},
				"south": {"uv": [5.75, 5.75, 7.05, 5.9], "texture": "#0"},
				"west": {"uv": [5.75, 5.75, 7.05, 5.9], "texture": "#0"},
				"up": {"uv": [5.75, 5.75, 7.05, 5.9], "texture": "#0"},
				"down": {"uv": [5.75, 5.75, 7.05, 5.9], "texture": "#0"}
			}
		},
		{
			"from": [7.475, 0.75, 7.475],
			"to": [8.525, 0.9, 8.525],
			"rotation": {"angle": 0, "axis": "y", "origin": [6.875, 0, 7.125]},
			"faces": {
				"north": {"uv": [4.75, 6.25, 5.8, 6.4], "texture": "#0"},
				"east": {"uv": [4.75, 6.25, 5.8, 6.4], "texture": "#0"},
				"south": {"uv": [4.75, 6.25, 5.8, 6.4], "texture": "#0"},
				"west": {"uv": [4.75, 6.25, 5.8, 6.4], "texture": "#0"},
				"up": {"uv": [4.75, 6.25, 5.8, 6.4], "texture": "#0"},
				"down": {"uv": [4.75, 6.25, 5.8, 6.4], "texture": "#0"}
			}
		},
		{
			"from": [7.55, 0.7, 7.55],
			"to": [8.45, 1.4, 8.45],
			"rotation": {"angle": 0, "axis": "y", "origin": [6.7, 0, 7.2]},
			"faces": {
				"north": {"uv": [5.25, 5.25, 6.15, 6.65], "texture": "#0"},
				"east": {"uv": [5.25, 5.25, 6.15, 6.65], "texture": "#0"},
				"south": {"uv": [5.25, 5.25, 6.15, 6.65], "texture": "#0"},
				"west": {"uv": [5.25, 5.25, 6.15, 6.65], "texture": "#0"},
				"up": {"uv": [5.25, 5.25, 6.15, 6.65], "texture": "#0"},
				"down": {"uv": [5.25, 5.25, 6.15, 6.65], "texture": "#0"}
			}
		},
		{
			"from": [7.625, 1.1, 7.625],
			"to": [8.375, 1.75, 8.375],
			"rotation": {"angle": 0, "axis": "y", "origin": [6.625, 0, 7.375]},
			"faces": {
				"north": {"uv": [5.5, 5.25, 6.4, 6.65], "texture": "#0"},
				"east": {"uv": [5.5, 5.25, 6.4, 6.65], "texture": "#0"},
				"south": {"uv": [5.5, 5.25, 6.4, 6.65], "texture": "#0"},
				"west": {"uv": [5.5, 5.25, 6.4, 6.65], "texture": "#0"},
				"up": {"uv": [5.5, 5.25, 6.4, 6.65], "texture": "#0"},
				"down": {"uv": [5.5, 5.25, 6.4, 6.65], "texture": "#0"}
			}
		},
		{
			"from": [7.625, 2.4, 7.625],
			"to": [8.375, 2.55, 8.375],
			"rotation": {"angle": 0, "axis": "y", "origin": [6.625, 0, 7.375]},
			"faces": {
				"north": {"uv": [5.5, 5.5, 6.4, 6.9], "texture": "#0"},
				"east": {"uv": [5.5, 5.5, 6.4, 6.9], "texture": "#0"},
				"south": {"uv": [5.5, 5.5, 6.4, 6.9], "texture": "#0"},
				"west": {"uv": [5.5, 5.5, 6.4, 6.9], "texture": "#0"},
				"up": {"uv": [5.5, 5.5, 6.4, 6.9], "texture": "#0"},
				"down": {"uv": [5.5, 5.5, 6.4, 6.9], "texture": "#0"}
			}
		},
		{
			"from": [7.625, 2.7, 7.625],
			"to": [8.375, 2.95, 8.375],
			"rotation": {"angle": 0, "axis": "y", "origin": [6.625, 0, 7.375]},
			"faces": {
				"north": {"uv": [5.5, 5.5, 6.4, 6.9], "texture": "#0"},
				"east": {"uv": [5.5, 5.5, 6.4, 6.9], "texture": "#0"},
				"south": {"uv": [5.5, 5.5, 6.4, 6.9], "texture": "#0"},
				"west": {"uv": [5.5, 5.5, 6.4, 6.9], "texture": "#0"},
				"up": {"uv": [5.5, 5.5, 6.4, 6.9], "texture": "#0"},
				"down": {"uv": [5.5, 5.5, 6.4, 6.9], "texture": "#0"}
			}
		},
		{
			"from": [7.575, 2.95, 7.575],
			"to": [8.425, 3.2, 8.425],
			"rotation": {"angle": 0, "axis": "y", "origin": [6.575, 0, 7.325]},
			"faces": {
				"north": {"uv": [5.5, 5.5, 6.4, 6.9], "texture": "#0"},
				"east": {"uv": [5.5, 5.5, 6.4, 6.9], "texture": "#0"},
				"south": {"uv": [5.5, 5.5, 6.4, 6.9], "texture": "#0"},
				"west": {"uv": [5.5, 5.5, 6.4, 6.9], "texture": "#0"},
				"up": {"uv": [5.5, 5.5, 6.4, 6.9], "texture": "#0"},
				"down": {"uv": [5.5, 5.5, 6.4, 6.9], "texture": "#0"}
			}
		},
		{
			"from": [7.525, 3.2, 7.525],
			"to": [8.475, 3.45, 8.475],
			"rotation": {"angle": 0, "axis": "y", "origin": [6.525, 0, 7.275]},
			"faces": {
				"north": {"uv": [5.5, 5.5, 6.4, 6.9], "texture": "#0"},
				"east": {"uv": [5.5, 5.5, 6.4, 6.9], "texture": "#0"},
				"south": {"uv": [5.5, 5.5, 6.4, 6.9], "texture": "#0"},
				"west": {"uv": [5.5, 5.5, 6.4, 6.9], "texture": "#0"},
				"up": {"uv": [5.5, 5.5, 6.4, 6.9], "texture": "#0"},
				"down": {"uv": [5.5, 5.5, 6.4, 6.9], "texture": "#0"}
			}
		},
		{
			"from": [7.725, 3.45, 7.725],
			"to": [8.275, 3.65, 8.275],
			"rotation": {"angle": 0, "axis": "y", "origin": [6.525, 0, 7.275]},
			"faces": {
				"north": {"uv": [5.5, 5.5, 6.4, 6.9], "texture": "#0"},
				"east": {"uv": [5.5, 5.5, 6.4, 6.9], "texture": "#0"},
				"south": {"uv": [5.5, 5.5, 6.4, 6.9], "texture": "#0"},
				"west": {"uv": [5.5, 5.5, 6.4, 6.9], "texture": "#0"},
				"up": {"uv": [5.5, 5.5, 6.4, 6.9], "texture": "#0"},
				"down": {"uv": [5.5, 5.5, 6.4, 6.9], "texture": "#0"}
			}
		},
		{
			"from": [7.775, 3.55, 7.775],
			"to": [8.225, 3.75, 8.225],
			"rotation": {"angle": 0, "axis": "y", "origin": [6.475, 0, 7.325]},
			"faces": {
				"north": {"uv": [5.5, 5.5, 6.4, 6.9], "texture": "#0"},
				"east": {"uv": [5.5, 5.5, 6.4, 6.9], "texture": "#0"},
				"south": {"uv": [5.5, 5.5, 6.4, 6.9], "texture": "#0"},
				"west": {"uv": [5.5, 5.5, 6.4, 6.9], "texture": "#0"},
				"up": {"uv": [5.5, 5.5, 6.4, 6.9], "texture": "#0"},
				"down": {"uv": [5.5, 5.5, 6.4, 6.9], "texture": "#0"}
			}
		},
		{
			"from": [7.975, 3.55, 7.975],
			"to": [8.025, 3.85, 8.025],
			"rotation": {"angle": 0, "axis": "y", "origin": [6.575, 0, 7.225]},
			"faces": {
				"north": {"uv": [5.5, 5.5, 6.4, 6.9], "texture": "#0"},
				"east": {"uv": [5.5, 5.5, 6.4, 6.9], "texture": "#0"},
				"south": {"uv": [5.5, 5.5, 6.4, 6.9], "texture": "#0"},
				"west": {"uv": [5.5, 5.5, 6.4, 6.9], "texture": "#0"},
				"up": {"uv": [5.5, 5.5, 6.4, 6.9], "texture": "#0"},
				"down": {"uv": [5.5, 5.5, 6.4, 6.9], "texture": "#0"}
			}
		},
		{
			"from": [7.925, 3.8, 7.925],
			"to": [8.075, 3.9, 8.075],
			"rotation": {"angle": 0, "axis": "y", "origin": [6.625, 0, 7.275]},
			"faces": {
				"north": {"uv": [5.5, 5.5, 6.4, 6.9], "texture": "#0"},
				"east": {"uv": [5.5, 5.5, 6.4, 6.9], "texture": "#0"},
				"south": {"uv": [5.5, 5.5, 6.4, 6.9], "texture": "#0"},
				"west": {"uv": [5.5, 5.5, 6.4, 6.9], "texture": "#0"},
				"up": {"uv": [5.5, 5.5, 6.4, 6.9], "texture": "#0"},
				"down": {"uv": [5.5, 5.5, 6.4, 6.9], "texture": "#0"}
			}
		},
		{
			"from": [8.325, 3.45, 7.525],
			"to": [8.475, 3.6, 7.675],
			"rotation": {"angle": 0, "axis": "y", "origin": [6.525, 0, 7.275]},
			"faces": {
				"north": {"uv": [5.5, 5.5, 6.4, 6.9], "texture": "#0"},
				"east": {"uv": [5.5, 5.5, 6.4, 6.9], "texture": "#0"},
				"south": {"uv": [5.5, 5.5, 6.4, 6.9], "texture": "#0"},
				"west": {"uv": [5.5, 5.5, 6.4, 6.9], "texture": "#0"},
				"up": {"uv": [5.5, 5.5, 6.4, 6.9], "texture": "#0"},
				"down": {"uv": [5.5, 5.5, 6.4, 6.9], "texture": "#0"}
			}
		},
		{
			"from": [7.525, 3.45, 8.325],
			"to": [7.675, 3.6, 8.475],
			"rotation": {"angle": 0, "axis": "y", "origin": [6.525, 0, 7.275]},
			"faces": {
				"north": {"uv": [5.5, 5.5, 6.4, 6.9], "texture": "#0"},
				"east": {"uv": [5.5, 5.5, 6.4, 6.9], "texture": "#0"},
				"south": {"uv": [5.5, 5.5, 6.4, 6.9], "texture": "#0"},
				"west": {"uv": [5.5, 5.5, 6.4, 6.9], "texture": "#0"},
				"up": {"uv": [5.5, 5.5, 6.4, 6.9], "texture": "#0"},
				"down": {"uv": [5.5, 5.5, 6.4, 6.9], "texture": "#0"}
			}
		},
		{
			"from": [7.525, 3.45, 7.525],
			"to": [7.675, 3.6, 7.675],
			"rotation": {"angle": 0, "axis": "y", "origin": [6.525, 0, 7.275]},
			"faces": {
				"north": {"uv": [5.5, 5.5, 6.4, 6.9], "texture": "#0"},
				"east": {"uv": [5.5, 5.5, 6.4, 6.9], "texture": "#0"},
				"south": {"uv": [5.5, 5.5, 6.4, 6.9], "texture": "#0"},
				"west": {"uv": [5.5, 5.5, 6.4, 6.9], "texture": "#0"},
				"up": {"uv": [5.5, 5.5, 6.4, 6.9], "texture": "#0"},
				"down": {"uv": [5.5, 5.5, 6.4, 6.9], "texture": "#0"}
			}
		},
		{
			"from": [7.725, 3.45, 7.525],
			"to": [7.875, 3.6, 7.675],
			"rotation": {"angle": 0, "axis": "y", "origin": [6.525, 0, 7.275]},
			"faces": {
				"north": {"uv": [5.5, 5.5, 6.4, 6.9], "texture": "#0"},
				"east": {"uv": [5.5, 5.5, 6.4, 6.9], "texture": "#0"},
				"south": {"uv": [5.5, 5.5, 6.4, 6.9], "texture": "#0"},
				"west": {"uv": [5.5, 5.5, 6.4, 6.9], "texture": "#0"},
				"up": {"uv": [5.5, 5.5, 6.4, 6.9], "texture": "#0"},
				"down": {"uv": [5.5, 5.5, 6.4, 6.9], "texture": "#0"}
			}
		},
		{
			"from": [7.925, 3.45, 7.525],
			"to": [8.075, 3.6, 7.675],
			"rotation": {"angle": 0, "axis": "y", "origin": [6.525, 0, 7.275]},
			"faces": {
				"north": {"uv": [5.5, 5.5, 6.4, 6.9], "texture": "#0"},
				"east": {"uv": [5.5, 5.5, 6.4, 6.9], "texture": "#0"},
				"south": {"uv": [5.5, 5.5, 6.4, 6.9], "texture": "#0"},
				"west": {"uv": [5.5, 5.5, 6.4, 6.9], "texture": "#0"},
				"up": {"uv": [5.5, 5.5, 6.4, 6.9], "texture": "#0"},
				"down": {"uv": [5.5, 5.5, 6.4, 6.9], "texture": "#0"}
			}
		},
		{
			"from": [8.325, 3.45, 7.725],
			"to": [8.475, 3.6, 7.875],
			"rotation": {"angle": 0, "axis": "y", "origin": [6.525, 0, 7.275]},
			"faces": {
				"north": {"uv": [5.5, 5.5, 6.4, 6.9], "texture": "#0"},
				"east": {"uv": [5.5, 5.5, 6.4, 6.9], "texture": "#0"},
				"south": {"uv": [5.5, 5.5, 6.4, 6.9], "texture": "#0"},
				"west": {"uv": [5.5, 5.5, 6.4, 6.9], "texture": "#0"},
				"up": {"uv": [5.5, 5.5, 6.4, 6.9], "texture": "#0"},
				"down": {"uv": [5.5, 5.5, 6.4, 6.9], "texture": "#0"}
			}
		},
		{
			"from": [8.325, 3.45, 7.925],
			"to": [8.475, 3.6, 8.075],
			"rotation": {"angle": 0, "axis": "y", "origin": [6.525, 0, 7.275]},
			"faces": {
				"north": {"uv": [5.5, 5.5, 6.4, 6.9], "texture": "#0"},
				"east": {"uv": [5.5, 5.5, 6.4, 6.9], "texture": "#0"},
				"south": {"uv": [5.5, 5.5, 6.4, 6.9], "texture": "#0"},
				"west": {"uv": [5.5, 5.5, 6.4, 6.9], "texture": "#0"},
				"up": {"uv": [5.5, 5.5, 6.4, 6.9], "texture": "#0"},
				"down": {"uv": [5.5, 5.5, 6.4, 6.9], "texture": "#0"}
			}
		},
		{
			"from": [8.325, 3.45, 8.125],
			"to": [8.475, 3.6, 8.275],
			"rotation": {"angle": 0, "axis": "y", "origin": [6.525, 0, 7.275]},
			"faces": {
				"north": {"uv": [5.5, 5.5, 6.4, 6.9], "texture": "#0"},
				"east": {"uv": [5.5, 5.5, 6.4, 6.9], "texture": "#0"},
				"south": {"uv": [5.5, 5.5, 6.4, 6.9], "texture": "#0"},
				"west": {"uv": [5.5, 5.5, 6.4, 6.9], "texture": "#0"},
				"up": {"uv": [5.5, 5.5, 6.4, 6.9], "texture": "#0"},
				"down": {"uv": [5.5, 5.5, 6.4, 6.9], "texture": "#0"}
			}
		},
		{
			"from": [8.125, 3.45, 8.325],
			"to": [8.275, 3.6, 8.475],
			"rotation": {"angle": 0, "axis": "y", "origin": [6.525, 0, 7.275]},
			"faces": {
				"north": {"uv": [5.5, 5.5, 6.4, 6.9], "texture": "#0"},
				"east": {"uv": [5.5, 5.5, 6.4, 6.9], "texture": "#0"},
				"south": {"uv": [5.5, 5.5, 6.4, 6.9], "texture": "#0"},
				"west": {"uv": [5.5, 5.5, 6.4, 6.9], "texture": "#0"},
				"up": {"uv": [5.5, 5.5, 6.4, 6.9], "texture": "#0"},
				"down": {"uv": [5.5, 5.5, 6.4, 6.9], "texture": "#0"}
			}
		},
		{
			"from": [7.925, 3.45, 8.325],
			"to": [8.075, 3.6, 8.475],
			"rotation": {"angle": 0, "axis": "y", "origin": [6.525, 0, 7.275]},
			"faces": {
				"north": {"uv": [5.5, 5.5, 6.4, 6.9], "texture": "#0"},
				"east": {"uv": [5.5, 5.5, 6.4, 6.9], "texture": "#0"},
				"south": {"uv": [5.5, 5.5, 6.4, 6.9], "texture": "#0"},
				"west": {"uv": [5.5, 5.5, 6.4, 6.9], "texture": "#0"},
				"up": {"uv": [5.5, 5.5, 6.4, 6.9], "texture": "#0"},
				"down": {"uv": [5.5, 5.5, 6.4, 6.9], "texture": "#0"}
			}
		},
		{
			"from": [7.725, 3.45, 8.325],
			"to": [7.875, 3.6, 8.475],
			"rotation": {"angle": 0, "axis": "y", "origin": [6.525, 0, 7.275]},
			"faces": {
				"north": {"uv": [5.5, 5.5, 6.4, 6.9], "texture": "#0"},
				"east": {"uv": [5.5, 5.5, 6.4, 6.9], "texture": "#0"},
				"south": {"uv": [5.5, 5.5, 6.4, 6.9], "texture": "#0"},
				"west": {"uv": [5.5, 5.5, 6.4, 6.9], "texture": "#0"},
				"up": {"uv": [5.5, 5.5, 6.4, 6.9], "texture": "#0"},
				"down": {"uv": [5.5, 5.5, 6.4, 6.9], "texture": "#0"}
			}
		},
		{
			"from": [7.525, 3.45, 8.125],
			"to": [7.675, 3.6, 8.275],
			"rotation": {"angle": 0, "axis": "y", "origin": [6.525, 0, 7.275]},
			"faces": {
				"north": {"uv": [5.5, 5.5, 6.4, 6.9], "texture": "#0"},
				"east": {"uv": [5.5, 5.5, 6.4, 6.9], "texture": "#0"},
				"south": {"uv": [5.5, 5.5, 6.4, 6.9], "texture": "#0"},
				"west": {"uv": [5.5, 5.5, 6.4, 6.9], "texture": "#0"},
				"up": {"uv": [5.5, 5.5, 6.4, 6.9], "texture": "#0"},
				"down": {"uv": [5.5, 5.5, 6.4, 6.9], "texture": "#0"}
			}
		},
		{
			"from": [7.525, 3.45, 7.925],
			"to": [7.675, 3.6, 8.075],
			"rotation": {"angle": 0, "axis": "y", "origin": [6.525, 0, 7.275]},
			"faces": {
				"north": {"uv": [5.5, 5.5, 6.4, 6.9], "texture": "#0"},
				"east": {"uv": [5.5, 5.5, 6.4, 6.9], "texture": "#0"},
				"south": {"uv": [5.5, 5.5, 6.4, 6.9], "texture": "#0"},
				"west": {"uv": [5.5, 5.5, 6.4, 6.9], "texture": "#0"},
				"up": {"uv": [5.5, 5.5, 6.4, 6.9], "texture": "#0"},
				"down": {"uv": [5.5, 5.5, 6.4, 6.9], "texture": "#0"}
			}
		},
		{
			"from": [7.525, 3.45, 7.725],
			"to": [7.675, 3.6, 7.875],
			"rotation": {"angle": 0, "axis": "y", "origin": [6.525, 0, 7.275]},
			"faces": {
				"north": {"uv": [5.5, 5.5, 6.4, 6.9], "texture": "#0"},
				"east": {"uv": [5.5, 5.5, 6.4, 6.9], "texture": "#0"},
				"south": {"uv": [5.5, 5.5, 6.4, 6.9], "texture": "#0"},
				"west": {"uv": [5.5, 5.5, 6.4, 6.9], "texture": "#0"},
				"up": {"uv": [5.5, 5.5, 6.4, 6.9], "texture": "#0"},
				"down": {"uv": [5.5, 5.5, 6.4, 6.9], "texture": "#0"}
			}
		},
		{
			"from": [7.525, 3.45, 7.675],
			"to": [7.675, 3.5, 7.725],
			"rotation": {"angle": 0, "axis": "y", "origin": [6.525, 0, 7.275]},
			"faces": {
				"north": {"uv": [5.5, 5.5, 6.4, 6.9], "texture": "#0"},
				"east": {"uv": [5.5, 5.5, 6.4, 6.9], "texture": "#0"},
				"south": {"uv": [5.5, 5.5, 6.4, 6.9], "texture": "#0"},
				"west": {"uv": [5.5, 5.5, 6.4, 6.9], "texture": "#0"},
				"up": {"uv": [5.5, 5.5, 6.4, 6.9], "texture": "#0"},
				"down": {"uv": [5.5, 5.5, 6.4, 6.9], "texture": "#0"}
			}
		},
		{
			"from": [7.525, 3.45, 7.875],
			"to": [7.675, 3.5, 7.925],
			"rotation": {"angle": 0, "axis": "y", "origin": [6.525, 0, 7.275]},
			"faces": {
				"north": {"uv": [5.5, 5.5, 6.4, 6.9], "texture": "#0"},
				"east": {"uv": [5.5, 5.5, 6.4, 6.9], "texture": "#0"},
				"south": {"uv": [5.5, 5.5, 6.4, 6.9], "texture": "#0"},
				"west": {"uv": [5.5, 5.5, 6.4, 6.9], "texture": "#0"},
				"up": {"uv": [5.5, 5.5, 6.4, 6.9], "texture": "#0"},
				"down": {"uv": [5.5, 5.5, 6.4, 6.9], "texture": "#0"}
			}
		},
		{
			"from": [7.525, 3.45, 8.075],
			"to": [7.675, 3.5, 8.125],
			"rotation": {"angle": 0, "axis": "y", "origin": [6.525, 0, 7.275]},
			"faces": {
				"north": {"uv": [5.5, 5.5, 6.4, 6.9], "texture": "#0"},
				"east": {"uv": [5.5, 5.5, 6.4, 6.9], "texture": "#0"},
				"south": {"uv": [5.5, 5.5, 6.4, 6.9], "texture": "#0"},
				"west": {"uv": [5.5, 5.5, 6.4, 6.9], "texture": "#0"},
				"up": {"uv": [5.5, 5.5, 6.4, 6.9], "texture": "#0"},
				"down": {"uv": [5.5, 5.5, 6.4, 6.9], "texture": "#0"}
			}
		},
		{
			"from": [7.525, 3.45, 8.275],
			"to": [7.675, 3.5, 8.325],
			"rotation": {"angle": 0, "axis": "y", "origin": [6.525, 0, 7.275]},
			"faces": {
				"north": {"uv": [5.5, 5.5, 6.4, 6.9], "texture": "#0"},
				"east": {"uv": [5.5, 5.5, 6.4, 6.9], "texture": "#0"},
				"south": {"uv": [5.5, 5.5, 6.4, 6.9], "texture": "#0"},
				"west": {"uv": [5.5, 5.5, 6.4, 6.9], "texture": "#0"},
				"up": {"uv": [5.5, 5.5, 6.4, 6.9], "texture": "#0"},
				"down": {"uv": [5.5, 5.5, 6.4, 6.9], "texture": "#0"}
			}
		},
		{
			"from": [8.325, 3.45, 8.275],
			"to": [8.475, 3.5, 8.325],
			"rotation": {"angle": 0, "axis": "y", "origin": [9.475, 0, 7.275]},
			"faces": {
				"north": {"uv": [6.4, 5.5, 5.5, 6.9], "texture": "#0"},
				"east": {"uv": [6.4, 5.5, 5.5, 6.9], "texture": "#0"},
				"south": {"uv": [6.4, 5.5, 5.5, 6.9], "texture": "#0"},
				"west": {"uv": [6.4, 5.5, 5.5, 6.9], "texture": "#0"},
				"up": {"uv": [6.4, 5.5, 5.5, 6.9], "texture": "#0"},
				"down": {"uv": [6.4, 5.5, 5.5, 6.9], "texture": "#0"}
			}
		},
		{
			"from": [8.275, 3.45, 8.325],
			"to": [8.325, 3.5, 8.475],
			"rotation": {"angle": 0, "axis": "y", "origin": [9.475, 0, 7.275]},
			"faces": {
				"north": {"uv": [6.4, 5.5, 5.5, 6.9], "texture": "#0"},
				"east": {"uv": [6.4, 5.5, 5.5, 6.9], "texture": "#0"},
				"south": {"uv": [6.4, 5.5, 5.5, 6.9], "texture": "#0"},
				"west": {"uv": [6.4, 5.5, 5.5, 6.9], "texture": "#0"},
				"up": {"uv": [6.4, 5.5, 5.5, 6.9], "texture": "#0"},
				"down": {"uv": [6.4, 5.5, 5.5, 6.9], "texture": "#0"}
			}
		},
		{
			"from": [8.075, 3.45, 8.325],
			"to": [8.125, 3.5, 8.475],
			"rotation": {"angle": 0, "axis": "y", "origin": [9.475, 0, 7.275]},
			"faces": {
				"north": {"uv": [6.4, 5.5, 5.5, 6.9], "texture": "#0"},
				"east": {"uv": [6.4, 5.5, 5.5, 6.9], "texture": "#0"},
				"south": {"uv": [6.4, 5.5, 5.5, 6.9], "texture": "#0"},
				"west": {"uv": [6.4, 5.5, 5.5, 6.9], "texture": "#0"},
				"up": {"uv": [6.4, 5.5, 5.5, 6.9], "texture": "#0"},
				"down": {"uv": [6.4, 5.5, 5.5, 6.9], "texture": "#0"}
			}
		},
		{
			"from": [7.875, 3.45, 8.325],
			"to": [7.925, 3.5, 8.475],
			"rotation": {"angle": 0, "axis": "y", "origin": [9.475, 0, 7.275]},
			"faces": {
				"north": {"uv": [6.4, 5.5, 5.5, 6.9], "texture": "#0"},
				"east": {"uv": [6.4, 5.5, 5.5, 6.9], "texture": "#0"},
				"south": {"uv": [6.4, 5.5, 5.5, 6.9], "texture": "#0"},
				"west": {"uv": [6.4, 5.5, 5.5, 6.9], "texture": "#0"},
				"up": {"uv": [6.4, 5.5, 5.5, 6.9], "texture": "#0"},
				"down": {"uv": [6.4, 5.5, 5.5, 6.9], "texture": "#0"}
			}
		},
		{
			"from": [7.675, 3.45, 8.325],
			"to": [7.725, 3.5, 8.475],
			"rotation": {"angle": 0, "axis": "y", "origin": [9.475, 0, 7.275]},
			"faces": {
				"north": {"uv": [6.4, 5.5, 5.5, 6.9], "texture": "#0"},
				"east": {"uv": [6.4, 5.5, 5.5, 6.9], "texture": "#0"},
				"south": {"uv": [6.4, 5.5, 5.5, 6.9], "texture": "#0"},
				"west": {"uv": [6.4, 5.5, 5.5, 6.9], "texture": "#0"},
				"up": {"uv": [6.4, 5.5, 5.5, 6.9], "texture": "#0"},
				"down": {"uv": [6.4, 5.5, 5.5, 6.9], "texture": "#0"}
			}
		},
		{
			"from": [7.675, 3.45, 7.525],
			"to": [7.725, 3.5, 7.675],
			"rotation": {"angle": 0, "axis": "y", "origin": [9.475, 0, 8.725]},
			"faces": {
				"north": {"uv": [5.5, 5.5, 6.4, 6.9], "texture": "#0"},
				"east": {"uv": [5.5, 5.5, 6.4, 6.9], "texture": "#0"},
				"south": {"uv": [5.5, 5.5, 6.4, 6.9], "texture": "#0"},
				"west": {"uv": [5.5, 5.5, 6.4, 6.9], "texture": "#0"},
				"up": {"uv": [5.5, 5.5, 6.4, 6.9], "texture": "#0"},
				"down": {"uv": [5.5, 5.5, 6.4, 6.9], "texture": "#0"}
			}
		},
		{
			"from": [7.875, 3.45, 7.525],
			"to": [7.925, 3.5, 7.675],
			"rotation": {"angle": 0, "axis": "y", "origin": [9.475, 0, 8.725]},
			"faces": {
				"north": {"uv": [5.5, 5.5, 6.4, 6.9], "texture": "#0"},
				"east": {"uv": [5.5, 5.5, 6.4, 6.9], "texture": "#0"},
				"south": {"uv": [5.5, 5.5, 6.4, 6.9], "texture": "#0"},
				"west": {"uv": [5.5, 5.5, 6.4, 6.9], "texture": "#0"},
				"up": {"uv": [5.5, 5.5, 6.4, 6.9], "texture": "#0"},
				"down": {"uv": [5.5, 5.5, 6.4, 6.9], "texture": "#0"}
			}
		},
		{
			"from": [8.075, 3.45, 7.525],
			"to": [8.125, 3.5, 7.675],
			"rotation": {"angle": 0, "axis": "y", "origin": [9.475, 0, 8.725]},
			"faces": {
				"north": {"uv": [5.5, 5.5, 6.4, 6.9], "texture": "#0"},
				"east": {"uv": [5.5, 5.5, 6.4, 6.9], "texture": "#0"},
				"south": {"uv": [5.5, 5.5, 6.4, 6.9], "texture": "#0"},
				"west": {"uv": [5.5, 5.5, 6.4, 6.9], "texture": "#0"},
				"up": {"uv": [5.5, 5.5, 6.4, 6.9], "texture": "#0"},
				"down": {"uv": [5.5, 5.5, 6.4, 6.9], "texture": "#0"}
			}
		},
		{
			"from": [8.275, 3.45, 7.525],
			"to": [8.325, 3.5, 7.675],
			"rotation": {"angle": 0, "axis": "y", "origin": [9.475, 0, 8.725]},
			"faces": {
				"north": {"uv": [5.5, 5.5, 6.4, 6.9], "texture": "#0"},
				"east": {"uv": [5.5, 5.5, 6.4, 6.9], "texture": "#0"},
				"south": {"uv": [5.5, 5.5, 6.4, 6.9], "texture": "#0"},
				"west": {"uv": [5.5, 5.5, 6.4, 6.9], "texture": "#0"},
				"up": {"uv": [5.5, 5.5, 6.4, 6.9], "texture": "#0"},
				"down": {"uv": [5.5, 5.5, 6.4, 6.9], "texture": "#0"}
			}
		},
		{
			"from": [8.325, 3.45, 8.075],
			"to": [8.475, 3.5, 8.125],
			"rotation": {"angle": 0, "axis": "y", "origin": [9.475, 0, 7.275]},
			"faces": {
				"north": {"uv": [6.4, 5.5, 5.5, 6.9], "texture": "#0"},
				"east": {"uv": [6.4, 5.5, 5.5, 6.9], "texture": "#0"},
				"south": {"uv": [6.4, 5.5, 5.5, 6.9], "texture": "#0"},
				"west": {"uv": [6.4, 5.5, 5.5, 6.9], "texture": "#0"},
				"up": {"uv": [6.4, 5.5, 5.5, 6.9], "texture": "#0"},
				"down": {"uv": [6.4, 5.5, 5.5, 6.9], "texture": "#0"}
			}
		},
		{
			"from": [8.325, 3.45, 7.875],
			"to": [8.475, 3.5, 7.925],
			"rotation": {"angle": 0, "axis": "y", "origin": [9.475, 0, 7.275]},
			"faces": {
				"north": {"uv": [6.4, 5.5, 5.5, 6.9], "texture": "#0"},
				"east": {"uv": [6.4, 5.5, 5.5, 6.9], "texture": "#0"},
				"south": {"uv": [6.4, 5.5, 5.5, 6.9], "texture": "#0"},
				"west": {"uv": [6.4, 5.5, 5.5, 6.9], "texture": "#0"},
				"up": {"uv": [6.4, 5.5, 5.5, 6.9], "texture": "#0"},
				"down": {"uv": [6.4, 5.5, 5.5, 6.9], "texture": "#0"}
			}
		},
		{
			"from": [8.325, 3.45, 7.675],
			"to": [8.475, 3.5, 7.725],
			"rotation": {"angle": 0, "axis": "y", "origin": [9.475, 0, 7.275]},
			"faces": {
				"north": {"uv": [6.4, 5.5, 5.5, 6.9], "texture": "#0"},
				"east": {"uv": [6.4, 5.5, 5.5, 6.9], "texture": "#0"},
				"south": {"uv": [6.4, 5.5, 5.5, 6.9], "texture": "#0"},
				"west": {"uv": [6.4, 5.5, 5.5, 6.9], "texture": "#0"},
				"up": {"uv": [6.4, 5.5, 5.5, 6.9], "texture": "#0"},
				"down": {"uv": [6.4, 5.5, 5.5, 6.9], "texture": "#0"}
			}
		},
		{
			"from": [8.125, 3.45, 7.525],
			"to": [8.275, 3.6, 7.675],
			"rotation": {"angle": 0, "axis": "y", "origin": [6.525, 0, 7.275]},
			"faces": {
				"north": {"uv": [5.5, 5.5, 6.4, 6.9], "texture": "#0"},
				"east": {"uv": [5.5, 5.5, 6.4, 6.9], "texture": "#0"},
				"south": {"uv": [5.5, 5.5, 6.4, 6.9], "texture": "#0"},
				"west": {"uv": [5.5, 5.5, 6.4, 6.9], "texture": "#0"},
				"up": {"uv": [5.5, 5.5, 6.4, 6.9], "texture": "#0"},
				"down": {"uv": [5.5, 5.5, 6.4, 6.9], "texture": "#0"}
			}
		},
		{
			"from": [8.325, 3.45, 8.325],
			"to": [8.475, 3.6, 8.475],
			"rotation": {"angle": 0, "axis": "y", "origin": [6.525, 0, 7.275]},
			"faces": {
				"north": {"uv": [5.5, 5.5, 6.4, 6.9], "texture": "#0"},
				"east": {"uv": [5.5, 5.5, 6.4, 6.9], "texture": "#0"},
				"south": {"uv": [5.5, 5.5, 6.4, 6.9], "texture": "#0"},
				"west": {"uv": [5.5, 5.5, 6.4, 6.9], "texture": "#0"},
				"up": {"uv": [5.5, 5.5, 6.4, 6.9], "texture": "#0"},
				"down": {"uv": [5.5, 5.5, 6.4, 6.9], "texture": "#0"}
			}
		},
		{
			"from": [7.675, 1.25, 7.675],
			"to": [8.325, 3.1, 8.325],
			"rotation": {"angle": 0, "axis": "y", "origin": [6.475, 0, 7.325]},
			"faces": {
				"north": {"uv": [5.5, 5.5, 6.4, 6.9], "texture": "#0"},
				"east": {"uv": [5.5, 5.5, 6.4, 6.9], "texture": "#0"},
				"south": {"uv": [5.5, 5.5, 6.4, 6.9], "texture": "#0"},
				"west": {"uv": [5.5, 5.5, 6.4, 6.9], "texture": "#0"},
				"up": {"uv": [5.5, 5.5, 6.4, 6.9], "texture": "#0"},
				"down": {"uv": [5.5, 5.5, 6.4, 6.9], "texture": "#0"}
			}
		},
		{
			"from": [7.4, 0.5, 7.4],
			"to": [8.6, 0.65, 8.6],
			"rotation": {"angle": 0, "axis": "y", "origin": [7, 0, 7]},
			"faces": {
				"north": {"uv": [5.25, 5.5, 6.45, 6.7], "texture": "#0"},
				"east": {"uv": [5.25, 5.5, 6.45, 6.7], "texture": "#0"},
				"south": {"uv": [5.25, 5.5, 6.45, 6.7], "texture": "#0"},
				"west": {"uv": [5.25, 5.5, 6.45, 6.7], "texture": "#0"},
				"up": {"uv": [5.25, 5.5, 6.45, 6.7], "texture": "#0"},
				"down": {"uv": [5.25, 5.5, 6.45, 6.7], "texture": "#0"}
			}
		}
	],
	"display": {
		"head": {
			"rotation": [0, -90, 0],
			"translation": [0, -35.3, 0]
		}
	}
}