{
 "parent": "item/handheld",
 "textures": {
  "layer0": "item/diamond_hoe"
 },

 "overrides": [
  { "predicate": {"custom_model_data": 1}, "model": "item/black_pawn"},
  { "predicate": {"custom_model_data": 3}, "model": "item/black_rook"},
  { "predicate": {"custom_model_data": 4}, "model": "item/white_rook"},
  { "predicate": {"custom_model_data": 5}, "model": "item/white_pawn"},
  { "predicate": {"custom_model_data": 6}, "model": "item/white_knight"},
  { "predicate": {"custom_model_data": 7}, "model": "item/black_knight"},
  { "predicate": {"custom_model_data": 8}, "model": "item/black_bishop"},
  { "predicate": {"custom_model_data": 9}, "model": "item/white_bishop"},
  { "predicate": {"custom_model_data": 10}, "model": "item/white_queen"},
  { "predicate": {"custom_model_data": 11}, "model": "item/black_queen"},
  { "predicate": {"custom_model_data": 12}, "model": "item/white_king"},
  { "predicate": {"custom_model_data": 13}, "model": "item/black_king"}

 ]

 
}