{
	"credit": "Made with Blockbench",
	"textures": {
		"0": "block/pallate",
		"particle": "block/pallate"
	},
	"elements": [
		{
			"from": [7.25, 0, 7.25],
			"to": [8.75, 0.5, 8.75],
			"rotation": {"angle": 0, "axis": "y", "origin": [7, 0, 7]},
			"faces": {
				"north": {"uv": [1.25, 9.25, 2.75, 9.75], "texture": "#0"},
				"east": {"uv": [1.25, 9.25, 2.75, 9.75], "texture": "#0"},
				"south": {"uv": [1.25, 9.25, 2.75, 9.75], "texture": "#0"},
				"west": {"uv": [1.25, 9.25, 2.75, 9.75], "texture": "#0"},
				"up": {"uv": [1.25, 9.25, 2.75, 9.75], "texture": "#0"},
				"down": {"uv": [1.25, 9.25, 2.75, 9.75], "texture": "#0"}
			}
		},
		{
			"from": [7.35, 0.6, 7.35],
			"to": [8.65, 0.75, 8.65],
			"rotation": {"angle": 0, "axis": "y", "origin": [7, 0, 7]},
			"faces": {
				"north": {"uv": [1.5, 9.5, 2.8, 9.65], "texture": "#0"},
				"east": {"uv": [1.5, 9.5, 2.8, 9.65], "texture": "#0"},
				"south": {"uv": [1.5, 9.5, 2.8, 9.65], "texture": "#0"},
				"west": {"uv": [1.5, 9.5, 2.8, 9.65], "texture": "#0"},
				"up": {"uv": [1.5, 9.5, 2.8, 9.65], "texture": "#0"},
				"down": {"uv": [1.5, 9.5, 2.8, 9.65], "texture": "#0"}
			}
		},
		{
			"from": [7.475, 0.75, 7.475],
			"to": [8.525, 0.9, 8.525],
			"rotation": {"angle": 0, "axis": "y", "origin": [6.875, 0, 7.125]},
			"faces": {
				"north": {"uv": [1.75, 9.5, 2.8, 9.65], "texture": "#0"},
				"east": {"uv": [1.75, 9.5, 2.8, 9.65], "texture": "#0"},
				"south": {"uv": [1.75, 9.5, 2.8, 9.65], "texture": "#0"},
				"west": {"uv": [1.75, 9.5, 2.8, 9.65], "texture": "#0"},
				"up": {"uv": [1.75, 9.5, 2.8, 9.65], "texture": "#0"},
				"down": {"uv": [1.75, 9.5, 2.8, 9.65], "texture": "#0"}
			}
		},
		{
			"from": [7.55, 0.7, 7.55],
			"to": [8.45, 1.4, 8.45],
			"rotation": {"angle": 0, "axis": "y", "origin": [6.7, 0, 7.2]},
			"faces": {
				"north": {"uv": [1.5, 8.75, 2.4, 10.15], "texture": "#0"},
				"east": {"uv": [1.5, 8.75, 2.4, 10.15], "texture": "#0"},
				"south": {"uv": [1.5, 8.75, 2.4, 10.15], "texture": "#0"},
				"west": {"uv": [1.5, 8.75, 2.4, 10.15], "texture": "#0"},
				"up": {"uv": [1.5, 8.75, 2.4, 10.15], "texture": "#0"},
				"down": {"uv": [1.5, 8.75, 2.4, 10.15], "texture": "#0"}
			}
		},
		{
			"from": [7.625, 1.1, 7.625],
			"to": [8.375, 1.75, 8.375],
			"rotation": {"angle": 0, "axis": "y", "origin": [6.625, 0, 7.375]},
			"faces": {
				"north": {"uv": [1.75, 8.75, 2.65, 10.15], "texture": "#0"},
				"east": {"uv": [1.75, 8.75, 2.65, 10.15], "texture": "#0"},
				"south": {"uv": [1.75, 8.75, 2.65, 10.15], "texture": "#0"},
				"west": {"uv": [1.75, 8.75, 2.65, 10.15], "texture": "#0"},
				"up": {"uv": [1.75, 8.75, 2.65, 10.15], "texture": "#0"},
				"down": {"uv": [1.75, 8.75, 2.65, 10.15], "texture": "#0"}
			}
		},
		{
			"from": [7.625, 2.3, 7.625],
			"to": [8.375, 2.45, 8.375],
			"rotation": {"angle": 0, "axis": "y", "origin": [6.625, 0, 7.375]},
			"faces": {
				"north": {"uv": [1.75, 9, 2.65, 10.4], "texture": "#0"},
				"east": {"uv": [1.75, 9, 2.65, 10.4], "texture": "#0"},
				"south": {"uv": [1.75, 9, 2.65, 10.4], "texture": "#0"},
				"west": {"uv": [1.75, 9, 2.65, 10.4], "texture": "#0"},
				"up": {"uv": [1.75, 9, 2.65, 10.4], "texture": "#0"},
				"down": {"uv": [1.75, 9, 2.65, 10.4], "texture": "#0"}
			}
		},
		{
			"from": [7.675, 1.25, 7.675],
			"to": [8.325, 3.1, 8.325],
			"rotation": {"angle": 0, "axis": "y", "origin": [6.475, 0, 7.325]},
			"faces": {
				"north": {"uv": [1.75, 9, 2.65, 10.4], "texture": "#0"},
				"east": {"uv": [1.75, 9, 2.65, 10.4], "texture": "#0"},
				"south": {"uv": [1.75, 9, 2.65, 10.4], "texture": "#0"},
				"west": {"uv": [1.75, 9, 2.65, 10.4], "texture": "#0"},
				"up": {"uv": [1.75, 9, 2.65, 10.4], "texture": "#0"},
				"down": {"uv": [1.75, 9, 2.65, 10.4], "texture": "#0"}
			}
		},
		{
			"from": [7.625, 2.55, 7.625],
			"to": [8.375, 2.9, 8.375],
			"rotation": {"angle": 0, "axis": "y", "origin": [6.525, 0, 7.375]},
			"faces": {
				"north": {"uv": [1.75, 9, 2.65, 10.4], "texture": "#0"},
				"east": {"uv": [1.75, 9, 2.65, 10.4], "texture": "#0"},
				"south": {"uv": [1.75, 9, 2.65, 10.4], "texture": "#0"},
				"west": {"uv": [1.75, 9, 2.65, 10.4], "texture": "#0"},
				"up": {"uv": [1.75, 9, 2.65, 10.4], "texture": "#0"},
				"down": {"uv": [1.75, 9, 2.65, 10.4], "texture": "#0"}
			}
		},
		{
			"from": [7.525, 2.9, 7.525],
			"to": [8.475, 3.25, 8.475],
			"rotation": {"angle": 0, "axis": "y", "origin": [6.625, 0, 7.275]},
			"faces": {
				"north": {"uv": [1.75, 9, 2.65, 10.4], "texture": "#0"},
				"east": {"uv": [1.75, 9, 2.65, 10.4], "texture": "#0"},
				"south": {"uv": [1.75, 9, 2.65, 10.4], "texture": "#0"},
				"west": {"uv": [1.75, 9, 2.65, 10.4], "texture": "#0"},
				"up": {"uv": [1.75, 9, 2.65, 10.4], "texture": "#0"},
				"down": {"uv": [1.75, 9, 2.65, 10.4], "texture": "#0"}
			}
		},
		{
			"from": [7.575, 3.6, 7.575],
			"to": [8.425, 3.75, 8.425],
			"rotation": {"angle": 0, "axis": "y", "origin": [6.575, 0, 7.325]},
			"faces": {
				"north": {"uv": [1.75, 9, 2.65, 10.4], "texture": "#0"},
				"east": {"uv": [1.75, 9, 2.65, 10.4], "texture": "#0"},
				"south": {"uv": [1.75, 9, 2.65, 10.4], "texture": "#0"},
				"west": {"uv": [1.75, 9, 2.65, 10.4], "texture": "#0"},
				"up": {"uv": [1.75, 9, 2.65, 10.4], "texture": "#0"},
				"down": {"uv": [1.75, 9, 2.65, 10.4], "texture": "#0"}
			}
		},
		{
			"from": [7.725, 3.75, 7.725],
			"to": [8.275, 3.85, 8.275],
			"rotation": {"angle": 0, "axis": "y", "origin": [6.725, 0, 7.175]},
			"faces": {
				"north": {"uv": [1.75, 9, 2.65, 10.4], "texture": "#0"},
				"east": {"uv": [1.75, 9, 2.65, 10.4], "texture": "#0"},
				"south": {"uv": [1.75, 9, 2.65, 10.4], "texture": "#0"},
				"west": {"uv": [1.75, 9, 2.65, 10.4], "texture": "#0"},
				"up": {"uv": [1.75, 9, 2.65, 10.4], "texture": "#0"},
				"down": {"uv": [1.75, 9, 2.65, 10.4], "texture": "#0"}
			}
		},
		{
			"from": [7.875, 3.85, 7.925],
			"to": [8.125, 4.25, 8.075],
			"rotation": {"angle": 0, "axis": "y", "origin": [6.975, 0, 6.975]},
			"faces": {
				"north": {"uv": [1.75, 9, 2.65, 10.4], "texture": "#0"},
				"east": {"uv": [1.75, 9, 2.65, 10.4], "texture": "#0"},
				"south": {"uv": [1.75, 9, 2.65, 10.4], "texture": "#0"},
				"west": {"uv": [1.75, 9, 2.65, 10.4], "texture": "#0"},
				"up": {"uv": [1.75, 9, 2.65, 10.4], "texture": "#0"},
				"down": {"uv": [1.75, 9, 2.65, 10.4], "texture": "#0"}
			}
		},
		{
			"from": [7.775, 3.95, 7.925],
			"to": [7.875, 4.15, 8.075],
			"rotation": {"angle": 0, "axis": "y", "origin": [6.975, 0, 6.975]},
			"faces": {
				"north": {"uv": [1.75, 9, 2.65, 10.4], "texture": "#0"},
				"east": {"uv": [1.75, 9, 2.65, 10.4], "texture": "#0"},
				"south": {"uv": [1.75, 9, 2.65, 10.4], "texture": "#0"},
				"west": {"uv": [1.75, 9, 2.65, 10.4], "texture": "#0"},
				"up": {"uv": [1.75, 9, 2.65, 10.4], "texture": "#0"},
				"down": {"uv": [1.75, 9, 2.65, 10.4], "texture": "#0"}
			}
		},
		{
			"from": [8.125, 3.95, 7.925],
			"to": [8.225, 4.15, 8.075],
			"rotation": {"angle": 0, "axis": "y", "origin": [9.025, 0, 6.975]},
			"faces": {
				"north": {"uv": [2.65, 9, 1.75, 10.4], "texture": "#0"},
				"east": {"uv": [2.65, 9, 1.75, 10.4], "texture": "#0"},
				"south": {"uv": [2.65, 9, 1.75, 10.4], "texture": "#0"},
				"west": {"uv": [2.65, 9, 1.75, 10.4], "texture": "#0"},
				"up": {"uv": [2.65, 9, 1.75, 10.4], "texture": "#0"},
				"down": {"uv": [2.65, 9, 1.75, 10.4], "texture": "#0"}
			}
		},
		{
			"from": [7.925, 4.25, 7.925],
			"to": [8.075, 4.35, 8.075],
			"rotation": {"angle": 0, "axis": "y", "origin": [6.925, 0, 6.975]},
			"faces": {
				"north": {"uv": [1.75, 9, 2.65, 10.4], "texture": "#0"},
				"east": {"uv": [1.75, 9, 2.65, 10.4], "texture": "#0"},
				"south": {"uv": [1.75, 9, 2.65, 10.4], "texture": "#0"},
				"west": {"uv": [1.75, 9, 2.65, 10.4], "texture": "#0"},
				"up": {"uv": [1.75, 9, 2.65, 10.4], "texture": "#0"},
				"down": {"uv": [1.75, 9, 2.65, 10.4], "texture": "#0"}
			}
		},
		{
			"from": [7.475, 3.25, 7.475],
			"to": [8.525, 3.6, 8.525],
			"rotation": {"angle": 0, "axis": "y", "origin": [6.675, 0, 7.425]},
			"faces": {
				"north": {"uv": [1.75, 9, 2.65, 10.4], "texture": "#0"},
				"east": {"uv": [1.75, 9, 2.65, 10.4], "texture": "#0"},
				"south": {"uv": [1.75, 9, 2.65, 10.4], "texture": "#0"},
				"west": {"uv": [1.75, 9, 2.65, 10.4], "texture": "#0"},
				"up": {"uv": [1.75, 9, 2.65, 10.4], "texture": "#0"},
				"down": {"uv": [1.75, 9, 2.65, 10.4], "texture": "#0"}
			}
		},
		{
			"from": [7.4, 0.5, 7.4],
			"to": [8.6, 0.65, 8.6],
			"rotation": {"angle": 0, "axis": "y", "origin": [7, 0, 7]},
			"faces": {
				"north": {"uv": [1.5, 9, 2.7, 10.2], "texture": "#0"},
				"east": {"uv": [1.5, 9, 2.7, 10.2], "texture": "#0"},
				"south": {"uv": [1.5, 9, 2.7, 10.2], "texture": "#0"},
				"west": {"uv": [1.5, 9, 2.7, 10.2], "texture": "#0"},
				"up": {"uv": [1.5, 9, 2.7, 10.2], "texture": "#0"},
				"down": {"uv": [1.5, 9, 2.7, 10.2], "texture": "#0"}
			}
		}
	],
	"display": {
		"head": {
			"rotation": [0, -90, 0],
			"translation": [0, -35.3, 0]
		}
	}
}