{
	"credit": "Made with Blockbench",
	"texture_size": [64, 64],
	"textures": {
		"0": "./shield_balistic",
		"particle": "./shield_balistic"
	},
	"elements": [
		{
			"name": "shield",
			"from": [5, 10, 8],
			"to": [11, 12, 11],
			"faces": {
				"north": {"uv": [8, 1.5, 8.5, 3], "rotation": 90, "texture": "#0"},
				"east": {"uv": [9, 0, 8.5, 0.75], "rotation": 270, "texture": "#0"},
				"south": {"uv": [10, 1.5, 10.5, 3], "rotation": 270, "texture": "#0"},
				"west": {"uv": [8.5, 0.75, 8, 0], "rotation": 270, "texture": "#0"},
				"up": {"uv": [6.5, 1.5, 7.25, 3], "rotation": 270, "texture": "#0"},
				"down": {"uv": [9.25, 1.5, 10, 3], "rotation": 270, "texture": "#0"}
			}
		},
		{
			"name": "shield",
			"from": [1, 0, 7],
			"to": [15, 21, 8],
			"faces": {
				"north": {"uv": [10.5, 0.25, 14, 5.5], "texture": "#0"},
				"east": {"uv": [2.5, 0.25, 2.75, 5.5], "texture": "#0"},
				"south": {"uv": [3, 0.25, 6.5, 5.5], "texture": "#0"},
				"west": {"uv": [2.75, 0.25, 3, 5.5], "texture": "#0"},
				"up": {"uv": [3.5, 5.75, 0, 5.5], "texture": "#0"},
				"down": {"uv": [6.25, 0, 2.75, 0.25], "texture": "#0"}
			}
		},
		{
			"from": [1, 21, 7],
			"to": [3, 28, 8],
			"faces": {
				"north": {"uv": [3.5, 8.5, 4, 10.25], "texture": "#0"},
				"east": {"uv": [4.75, 8.5, 5, 10.25], "texture": "#0"},
				"south": {"uv": [2, 8.5, 2.5, 10.25], "texture": "#0"},
				"west": {"uv": [4.25, 8.5, 4.5, 10.25], "texture": "#0"},
				"up": {"uv": [4.25, 10.25, 4.75, 10.5], "texture": "#0"},
				"down": {"uv": [5.25, 10.25, 5.75, 10.5], "texture": "#0"}
			}
		},
		{
			"from": [13, 21, 7],
			"to": [15, 28, 8],
			"faces": {
				"north": {"uv": [3, 8.5, 3.5, 10.25], "texture": "#0"},
				"east": {"uv": [4.25, 8.5, 4.5, 10.25], "texture": "#0"},
				"south": {"uv": [2.5, 8.5, 3, 10.25], "texture": "#0"},
				"west": {"uv": [4.25, 8.5, 4.5, 10.25], "texture": "#0"},
				"up": {"uv": [4.5, 10.25, 5, 10.5], "texture": "#0"},
				"down": {"uv": [4.5, 10.25, 5, 10.5], "texture": "#0"}
			}
		},
		{
			"from": [3, 26, 7],
			"to": [13, 28, 8],
			"faces": {
				"north": {"uv": [5.5, 8.5, 8, 9], "texture": "#0"},
				"east": {"uv": [5.5, 8.5, 5.75, 9], "texture": "#0"},
				"south": {"uv": [5.5, 9.25, 8, 9.75], "texture": "#0"},
				"west": {"uv": [5.5, 8.5, 5.75, 9], "texture": "#0"},
				"up": {"uv": [5.5, 8.5, 8, 8.75], "texture": "#0"},
				"down": {"uv": [5.5, 8.75, 8, 9], "texture": "#0"}
			}
		},
		{
			"from": [3, 21, 7],
			"to": [13, 26, 8],
			"faces": {
				"north": {"uv": [0, 0, 2.5, 1.25], "texture": "#0"},
				"east": {"uv": [0, 0, 0.25, 1.25], "texture": "#0"},
				"south": {"uv": [0, 0, 2.5, 1.25], "texture": "#0"},
				"west": {"uv": [0, 0, 0.25, 1.25], "texture": "#0"},
				"up": {"uv": [0, 0, 2.5, 0.25], "texture": "#0"},
				"down": {"uv": [0, 0, 2.5, 0.25], "texture": "#0"}
			}
		}
	],
	"gui_light": "front",
	"display": {
		"thirdperson_righthand": {
			"rotation": [47, -20, -7],
			"translation": [0, -1.25, -3.5]
		},
		"thirdperson_lefthand": {
			"rotation": [47, -20, -7],
			"translation": [0, -1.25, -3.5]
		},
		"firstperson_righthand": {
			"rotation": [0, 0, -6],
			"translation": [0.25, -4.75, 0]
		},
		"firstperson_lefthand": {
			"rotation": [0, 0, -6],
			"translation": [-0.25, -4.75, 0]
		},
		"ground": {
			"scale": [0.5, 0.5, 0.5]
		},
		"gui": {
			"rotation": [0, 158, 2],
			"translation": [0, -4, 0],
			"scale": [0.9, 0.9, 0.9]
		},
		"head": {
			"rotation": [90, 0, 0],
			"translation": [0, 6.5, -4]
		},
		"fixed": {
			"translation": [0, -4, -5]
		}
	},
	"groups": [
		{
			"name": "shield",
			"origin": [0, 11, 1],
			"color": 0,
			"children": [0, 1, 2, 3, 4, 5]
		}
	]
}